placeUrl,title,rating,reviewCount,category,attributes,address,plusCode,website,phoneNumber,currentStatus,imgUrl,isClaimed,latitude,longitude,query,timestamp,monday,tuesday,wednesday,thursday,friday,saturday,sunday,info
https://www.google.com/maps/place/Frituur+Centrum/data=!4m7!3m6!1s0x47c3e7ff33b141ef:0x8d848354f9168176!8m2!3d50.9303232!4d4.4276756!16s%2Fg%2F11bvt4fp7w!19sChIJ70GxM__nw0cRdoEW-VSDhI0,Frituur Centrum,4.4,207,Frituur,· Dine-in · Takeaway · Delivery,"Franklin Rooseveltlaan, 1800 Vilvoorde, Belgium","WCJH+43 Vilvoorde, Belgium",https://shop.easyorderapp.com/frituur-centrum/nl,+32 470 63 04 48,,https://lh5.googleusercontent.com/p/AF1QipPqYqd8yLoBEzpXjSyQQi7npr562tHo5RgsqSJX=w408-h306-k-no,true,50.9303125,4.427687500000005,"https://www.google.com/maps/search/frituur/@50.8639564,4.2922419,12.26z?entry=ttu",2023-06-19T14:47:52.762Z,,,,,,,,
https://www.google.com/maps/place/Frituur+%27t+Pleintje+Borgt/data=!4m7!3m6!1s0x47c3c2a86b4ddb99:0xea9ab057923b93f1!8m2!3d50.9277925!4d4.4103329!16s%2Fg%2F11clvtv9z0!19sChIJmdtNa6jCw0cR8ZM7klewmuo,Frituur 't Pleintje Borgt,4.4,63,Frituur,,"Jozef Van Den Berghestraat, 1850 Grimbergen, Belgium","WCH6+44 Grimbergen, Belgium",https://www.tpleintjeborgt.be/,+32 472 67 30 43,Closed today,https://lh5.googleusercontent.com/p/AF1QipMwSE02zo6GDSetzYcs_1HyKNJ1QEq45AFf8p12=w426-h240-k-no,true,50.9278125,4.410312499999989,"https://www.google.com/maps/search/frituur/@50.8639564,4.2922419,12.26z?entry=ttu",2023-06-19T14:47:58.965Z,Closed,5–9 PM,5–9 PM,5–9 PM,5–9:30 PM,5–9:30 PM,5–9 PM,
https://www.google.com/maps/place/%27%27t+Krokantje%27/data=!4m7!3m6!1s0x47c3c28a2023de41:0xe3d9b68d88a3b452!8m2!3d50.9149492!4d4.3706574!16s%2Fg%2F11cln9kkvy!19sChIJQd4jIIrCw0cRUrSjiI222eM,'t Krokantje,4.6,199,Frituur,· Dine-in · Takeaway · No-contact delivery,"Devoerlaan 78, 1800 Vilvoorde, Belgium","W97C+X7 Vilvoorde, Belgium",https://switch.ezordr.app/frituur-t-krokantje,+32 479 28 41 57,Closed today,https://lh5.googleusercontent.com/p/AF1QipPWk401Ttm5-RhMhNiFifazW0W7x7QHvTGI1YAB=w408-h408-k-no,true,50.91493749999999,4.370687500000017,"https://www.google.com/maps/search/frituur/@50.8639564,4.2922419,12.26z?entry=ttu",2023-06-19T14:48:03.748Z,Closed,Closed,5–9 PM,5–9 PM,5–9:30 PM,5–9 PM,5–9 PM,
https://www.google.com/maps/place/Frituur+Terheide+Vlaams+Brabant+ASSE/data=!4m7!3m6!1s0x47c3bfe96f1c92db:0xaa86afb7bb3adeee!8m2!3d50.9206646!4d4.1711647!16s%2Fg%2F11h110whm5!19sChIJ25Icb-m_w0cR7t46u7evhqo,Frituur Terheide Vlaams Brabant ASSE,4.5,93,Frituur,,"Gentsesteenweg 169 a, 1730 Asse, Belgium","W5CC+7F Asse, Belgium",http://www.frituurterheide.be/,+32 2 309 05 02,Closed today,https://lh5.googleusercontent.com/p/AF1QipMatmSMzY7k_ZkqjQGIJxAaTVPOJykEwOmgTzHD=w408-h306-k-no,true,50.92068750000003,4.171187500000016,"https://www.google.com/maps/search/frituur/@50.8639564,4.2922419,12.26z?entry=ttu",2023-06-19T14:48:08.243Z,Closed,Closed,5–9 PM,5–9 PM,"11:30 AM–1:30 PM, 5–10 PM",5–9 PM,5–9 PM,
https://www.google.com/maps/place/Frituur+Smulkotje/data=!4m7!3m6!1s0x47c3b9bb0dd62689:0xea77a6d19520e2bc!8m2!3d50.8362748!4d4.1732842!16s%2Fg%2F11qqs70nwz!19sChIJiSbWDbu5w0cRvOIgldGmd-o,Frituur Smulkotje,4.3,22,Frituur,,"Schapenstraat 244, 1750 Lennik, Belgium","R5PF+G8 Lennik, Belgium",http://frituursmulkotje.be/,+32 495 38 33 49,,https://lh5.googleusercontent.com/p/AF1QipO6aTeBXPkT3-n2c3oGCHtFj9VGI6Ta1TxO19Vd=w408-h306-k-no,false,50.836312500000005,4.173312500000023,"https://www.google.com/maps/search/frituur/@50.8639564,4.2922419,12.26z?entry=ttu",2023-06-19T14:48:12.740Z,,,,,,,,
https://www.google.com/maps/place/Frituur+1850/data=!4m7!3m6!1s0x47c3c27f540415e1:0x8ca552965a21983!8m2!3d50.9306985!4d4.3653634!16s%2Fg%2F11gcx_68tr!19sChIJ4RUEVH_Cw0cRgxmiZSlVygg,Frituur 1850,4.5,169,Frituur,· Dine-in · Kerbside pickup · Delivery,"Brusselsesteenweg 116, 1850 Grimbergen, Belgium","W9J8+74 Grimbergen, Belgium",https://facebook.com/frituur1850/,,Closed,https://lh5.googleusercontent.com/p/AF1QipM6d4g-33mUNqm89iNm86phU06GyF2xRzTwTTbT=w408-h456-k-no,true,50.93068750000002,4.365312499999973,"https://www.google.com/maps/search/frituur/@50.8639564,4.2922419,12.26z?entry=ttu",2023-06-19T14:48:17.230Z,5:30–9 PM,5:30–9 PM,Closed,5:30–9 PM,5:30–9 PM,5:30–9 PM,5:30–9 PM,
https://www.google.com/maps/place/Frituur+Rosalie/data=!4m7!3m6!1s0x47c3c0c450f6f17d:0x5c8db446a41c55d0!8m2!3d50.8653883!4d4.2449469!16s%2Fg%2F11b6zt23yq!19sChIJffH2UMTAw0cR0FUcpEa0jVw,Frituur Rosalie,4.4,140,Frituur,· Dine-in · Takeaway · Delivery,"Stationsstraat 288, 1700 Dilbeek, Belgium","V68V+5X Dilbeek, Belgium",,+32 2 466 97 77,Closed today,https://lh5.googleusercontent.com/p/AF1QipOPgZWsLsqBcafq-vazIVVTfTsC9vB9uCrnbZJr=w408-h421-k-no,true,50.86543749999997,4.244937499999978,"https://www.google.com/maps/search/frituur/@50.8639564,4.2922419,12.26z?entry=ttu",2023-06-19T14:48:23.096Z,Closed,5–10 PM,"11:30 AM–2 PM, 5–10 PM",5–10 PM,"11:30 AM–2 PM, 5–10:30 PM",5–10 PM,Closed,
https://www.google.com/maps/place/Snack+Frituur+Sofra/data=!4m7!3m6!1s0x47c3c662b0505029:0xe80fa655ca8c984a!8m2!3d50.8078415!4d4.2890966!16s%2Fg%2F1tg6jqb6!19sChIJKVBQsGLGw0cRSpiMylWmD-g,Snack Frituur Sofra,4.3,309,Frituur,· Dine-in · Takeaway,"Félix Wittouckstraat 1, 1600 Sint-Pieters-Leeuw, Belgium","R75Q+4J Sint-Pieters-Leeuw, Belgium",,+32 2 331 45 85,Open now,https://lh5.googleusercontent.com/p/AF1QipMQ9QZq6oVwgnfjfWiioMU9_-ht5Fmt4Oz4MYjt=w408-h306-k-no,true,50.8078125,4.289062499999986,"https://www.google.com/maps/search/frituur/@50.8639564,4.2922419,12.26z?entry=ttu",2023-06-19T14:48:27.693Z,11 AM–11 PM,Closed,11 AM–11 PM,11 AM–11 PM,11 AM–11 PM,11 AM–11 PM,11 AM–11 PM,
https://www.google.com/maps/place/Titi+Friti/data=!4m7!3m6!1s0x47c3dd2372867831:0x61e30c5d660bb4fe!8m2!3d50.8943763!4d4.4357024!16s%2Fg%2F11ggqzjx_n!19sChIJMXiGciPdw0cR_rQLZl0M42E,Titi Friti,4.5,155,Frituur,· Dine-in · Takeaway · Delivery,"A de Cockplein, 1831 Machelen, Belgium","VCVP+Q7 Machelen, Belgium",https://www.titifriti-webshop.be/,+32 2 311 80 08,Closed today,https://lh5.googleusercontent.com/p/AF1QipPcZsxshUSCCbpasGm4Nj08AfUhiG0qBF18S7V7=w408-h306-k-no,true,50.894437499999995,4.435687500000014,"https://www.google.com/maps/search/frituur/@50.8639564,4.2922419,12.26z?entry=ttu",2023-06-19T14:48:32.653Z,Closed,5–10 PM,"11:30 AM–2 PM, 5–10 PM","11:30 AM–2 PM, 5–10 PM","11:30 AM–2 PM, 5–10 PM",Closed,5–10 PM,
https://www.google.com/maps/place/Frituur+JoJo/data=!4m7!3m6!1s0x47c3c664ec9c249f:0x2e01b66141473fab!8m2!3d50.8020574!4d4.2873075!16s%2Fg%2F11dxcpnmhp!19sChIJnySc7GTGw0cRqz9HQWG2AS4,Frituur JoJo,4.3,301,Fast food restaurant,· Dine-in · Takeaway · Delivery,"Albert van Cotthemstraat 7, 1600 Sint-Pieters-Leeuw, Belgium","R72P+RW Sint-Pieters-Leeuw, Belgium",,+32 498 59 72 12,Closed today,https://lh5.googleusercontent.com/p/AF1QipMxCpBudljRsQHZOTP2VHWOBkxeXK01OshbwbWm=w408-h544-k-no,true,50.80206250000002,4.287312499999999,"https://www.google.com/maps/search/frituur/@50.8639564,4.2922419,12.26z?entry=ttu",2023-06-19T14:48:36.872Z,Closed,"11:30 AM–2 PM, 5–10 PM","11:30 AM–2 PM, 5–10 PM","11:30 AM–2 PM, 5–10 PM","11:30 AM–2 PM, 5–10 PM",5–10 PM,5–10 PM,
https://www.google.com/maps/place/Frituur+Vijfhoek/data=!4m7!3m6!1s0x47c3c78fa9374171:0x89bf223fb9034c79!8m2!3d50.7988321!4d4.211044!16s%2Fg%2F124swxmpk!19sChIJcUE3qY_Hw0cReUwDuT8iv4k,Frituur Vijfhoek,4.4,183,Frituur,· Dine-in · Takeaway · Delivery,"Appelboomstraat 209, 1602 Sint-Pieters-Leeuw, Belgium","Q6X6+GC Sint-Pieters-Leeuw, Belgium",https://www.frituurvijfhoek.com/,+32 477 44 03 61,Closed today,https://lh5.googleusercontent.com/p/AF1QipMUwof2unfoVJPyTF5Qp_2ymEVNcijX3G-Iaco7=w493-h240-k-no,true,50.79881250000001,4.211062499999983,"https://www.google.com/maps/search/frituur/@50.8639564,4.2922419,12.26z?entry=ttu",2023-06-19T14:48:41.647Z,Closed,5–10 PM,5–10 PM,5–10 PM,5–10 PM,5–10 PM,Closed,
https://www.google.com/maps/place/Frituur+King+Frit/data=!4m7!3m6!1s0x47c3bf21b59f61cd:0x9ad916a83dd2b7f8!8m2!3d50.8742771!4d4.1662286!16s%2Fg%2F11c4516kyz!19sChIJzWGftSG_w0cR-LfSPagW2Zo,Frituur King Frit,4.4,210,Frituur,· Dine-in · Takeaway · Delivery,"Statiestraat 176/178, 1740 Ternat, Belgium","V5F8+PF Ternat, Belgium",https://www.frituurkingfrit.be/,,Open now,https://lh5.googleusercontent.com/p/AF1QipORmxlGj6voSnNvcOdzb9pVs6PXS_7BPaiw1Vst=w408-h353-k-no,false,50.87431249999999,4.166187499999992,"https://www.google.com/maps/search/frituur/@50.8639564,4.2922419,12.26z?entry=ttu",2023-06-19T14:48:46.459Z,"11:30 AM–1:45 PM, 4:30–10 PM",Closed,"11:30 AM–1:45 PM, 4:30–10 PM","11:30 AM–1:45 PM, 4:30–10 PM","11:30 AM–1:45 PM, 4:30–10 PM","11:30 AM–1:45 PM, 4:30–10 PM","11:30 AM–1:45 PM, 4:30–10 PM",
https://www.google.com/maps/place/Frituur+1853+-+Smashburger/data=!4m7!3m6!1s0x47c3c385ad71f495:0x36d8c5443e5b4d1!8m2!3d50.9112514!4d4.3557288!16s%2Fg%2F11qpqbj7wn!19sChIJlfRxrYXDw0cR0bTlQ1SMbQM,Frituur 1853 - Smashburger,4.6,126,Frituur,· Dine-in · Takeaway · Delivery,"Grimbergsesteenweg 194, 1853 Grimbergen, Belgium","W964+G7 Grimbergen, Belgium",http://www.frituur1853.be/,,Closed today,https://lh5.googleusercontent.com/p/AF1QipNooWRvsn02RSsHSsZXurojRFdQOwuX0KL-PYUX=w426-h240-k-no,true,50.911312499999994,4.355687500000002,"https://www.google.com/maps/search/frituur/@50.8639564,4.2922419,12.26z?entry=ttu",2023-06-19T14:48:50.730Z,Closed,5–9:30 PM,"11:30 AM–1:30 PM, 5–9:30 PM",5–9:30 PM,"11:30 AM–1:30 PM, 5–10:30 PM",5–10:30 PM,5–9:30 PM,
https://www.google.com/maps/place/Frituur+Jos/data=!4m7!3m6!1s0x47c3c7243149971b:0x7039a2b37cf3eeb3!8m2!3d50.8382919!4d4.2497718!16s%2Fg%2F11crxkrl7l!19sChIJG5dJMSTHw0cRs-7zfLOiOXA,Frituur Jos,4.3,87,Fast food restaurant,· Dine-in · Takeaway · Delivery,"Itterbeeksebaan 200, 1701 Dilbeek, Belgium","R6QX+8W Dilbeek, Belgium",https://www.vindeenfrituur.be/frituren/vlaams-brabant/itterbeek--1701/frituur-jos/3257/,+32 476 35 13 16,Closed,https://lh5.googleusercontent.com/p/AF1QipPTh7yZ5WGMXxJjfg65l0x7dDOGUCWnjrCErqOp=w408-h544-k-no,true,50.838312500000015,4.249812500000004,"https://www.google.com/maps/search/frituur/@50.8639564,4.2922419,12.26z?entry=ttu",2023-06-19T14:48:55.285Z,6:30 PM–12 AM,6:30 PM–12 AM,Closed,6:30 PM–12 AM,6:30 PM–12 AM,6:30 PM–12 AM,6:30 PM–12 AM,
https://www.google.com/maps/place/Frituur+Dilbeek/data=!4m7!3m6!1s0x47c3c6d653f9fdb5:0xc3aedda50a0fb882!8m2!3d50.8437956!4d4.2605948!16s%2Fg%2F11g022ry17!19sChIJtf35U9bGw0cRgrgPCqXdrsM,Frituur Dilbeek,4.5,122,Frituur,· Dine-in · Takeaway · Delivery,"Ninoofsesteenweg 349, 1700 Dilbeek, Belgium","R7V6+G6 Dilbeek, Belgium",https://www.openingsuren.vlaanderen/frituren/1700-dilbeek,+32 472 86 64 67,Closed today,https://lh5.googleusercontent.com/p/AF1QipPxXR2DuF9nsYpSgIE10a5WlO8NfKTudJUjs_T7=w408-h544-k-no,true,50.8438125,4.260562499999978,"https://www.google.com/maps/search/frituur/@50.8639564,4.2922419,12.26z?entry=ttu",2023-06-19T14:48:59.568Z,Closed,5–9 PM,5–9 PM,5–9 PM,5–9 PM,5–9 PM,5–9 PM,
https://www.google.com/maps/place/Frituur+%27t+Duvelke/data=!4m7!3m6!1s0x47c3bf965d376b13:0xbf2db8b8ca98521a!8m2!3d50.9095663!4d4.1952712!16s%2Fg%2F1tdzf4kx!19sChIJE2s3XZa_w0cRGlKYyri4Lb8,Frituur 't Duvelke,4.3,109,Frituur,,"Bloklaan 26, 1730 Asse, Belgium","W55W+R4 Asse, Belgium",https://www.frituur-duvelke.be/,+32 486 37 96 89,Closed today,https://lh5.googleusercontent.com/p/AF1QipNjpxbvAMIgoh520COYT5q5EPIbURVvxmvZeZwx=w444-h240-k-no,true,50.90956250000001,4.195312499999986,"https://www.google.com/maps/search/frituur/@50.8639564,4.2922419,12.26z?entry=ttu",2023-06-19T14:49:04.356Z,Closed,Closed,5–9:30 PM,5–9:30 PM,"11:30 AM–1:30 PM, 5–10 PM",5–9:30 PM,5–9:30 PM,
https://www.google.com/maps/place/Frituur+De+Plosj/data=!4m7!3m6!1s0x47c3b9873fcd4673:0x9fd6883679c9ab6a!8m2!3d50.8057575!4d4.1562015!16s%2Fg%2F11ls2j0ryh!19sChIJc0bNP4e5w0cRaqvJeTaI1p8,Frituur De Plosj,4.5,62,Frituur,· Dine-in · Takeaway,"Alfred Algoetstraat 11, 1750 Lennik, Belgium","R544+8F Lennik, Belgium",http://www.frituurdeplosj.be/,+32 2 524 42 31,Closed today,https://lh5.googleusercontent.com/p/AF1QipPVxNmFEnffoX2haFB7MQi7exQn1kgAPPSvBa-3=w408-h640-k-no,false,50.805812500000016,4.1561875000000015,"https://www.google.com/maps/search/frituur/@50.8639564,4.2922419,12.26z?entry=ttu",2023-06-19T14:49:09.097Z,Closed,Closed,5–9 PM,5–9 PM,5–10 PM,5–9 PM,5–9 PM,
https://www.google.com/maps/place/Fijne+Frietjes+Frituur/data=!4m7!3m6!1s0x47c3e9d5415fce61:0xe41aa6617cf6b6e4!8m2!3d50.9316636!4d4.3704785!16s%2Fg%2F11bzx2sxhg!19sChIJYc5fQdXpw0cR5Lb2fGGmGuQ,Fijne Frietjes Frituur,4.2,144,Frituur,· Dine-in · Takeaway · Delivery,"Pastoor Woutersstraat 22-26, 1850 Grimbergen, Belgium","W9JC+M5 Grimbergen, Belgium",,,Closed today,https://lh5.googleusercontent.com/p/AF1QipPZ_CF05kM1N0MW4Q_aoc5pRFuJTYTC3tR8veRv=w426-h240-k-no,false,50.931687499999995,4.370437499999994,"https://www.google.com/maps/search/frituur/@50.8639564,4.2922419,12.26z?entry=ttu",2023-06-19T14:49:13.514Z,Closed,Closed,"11:30 AM–1:30 PM, 5–11 PM","11:30 AM–1:30 PM, 5–11 PM","11:30 AM–1:30 PM, 5 PM–12 AM",5 PM–12 AM,"11:30 AM–1:30 PM, 5–10 PM",
https://www.google.com/maps/place/Fritstatie/data=!4m7!3m6!1s0x47c3b922649a1e5d:0x44f873cf5bde075d!8m2!3d50.835294!4d4.1480751!16s%2Fg%2F11clyfskf5!19sChIJXR6aZCK5w0cRXQfeW89z-EQ,Fritstatie,4.4,51,Frituur,· Dine-in · Takeaway · Delivery,"Ninoofsesteenweg 57, 1750 Lennik, Belgium","R4PX+46 Lennik, Belgium",https://www.facebook.com/Fritstatie,+32 487 16 48 43,Open now,https://lh5.googleusercontent.com/p/AF1QipMFt-655ecuu8dhiynJbj69YQbCTa1mTyUcrfSW=w493-h240-k-no,true,50.8353125,4.148062499999995,"https://www.google.com/maps/search/frituur/@50.8639564,4.2922419,12.26z?entry=ttu",2023-06-19T14:49:17.633Z,4:30–11 PM,"11:30 AM–1:30 PM, 4:30–11 PM","11:30 AM–1:30 PM, 4:30–11 PM","11:30 AM–1:30 PM, 4:30–11 PM","11:30 AM–1:30 PM, 4:30–10 PM",Closed,Closed,
https://www.google.com/maps/place/Frituur+Plum+Pataat+Machelen/data=!4m7!3m6!1s0x47c3dd45d7511167:0xb22b98e80a8f7c23!8m2!3d50.9130608!4d4.4339499!16s%2Fg%2F1ydpvbp04!19sChIJZxFR10Xdw0cRI3yPCuiYK7I,Frituur Plum Pataat Machelen,4.5,255,Frituur,· Dine-in · Takeaway · Delivery,"Jan Van Obberghenstraat 1, 1830 Machelen, Belgium","WC7M+6H Machelen, Belgium",http://www.plumpataat.be/,+32 2 310 63 24,Closed,https://lh5.googleusercontent.com/p/AF1QipNvmuiG3dF4jSav3WvkI_oGyxYRn0Ua68DrtTnk=w408-h306-k-no,true,50.91306249999998,4.433937499999999,"https://www.google.com/maps/search/frituur/@50.8639564,4.2922419,12.26z?entry=ttu",2023-06-19T14:49:22.166Z,5–10 PM,"11:45 AM–1:30 PM, 5–10 PM","11:45 AM–1:30 PM, 5–10 PM","11:45 AM–1:30 PM, 5–10 PM","11:45 AM–1:30 PM, 5–10 PM",5–10 PM,5–10 PM,
https://www.google.com/maps/place/%27%27T+Snacksken%27/data=!4m7!3m6!1s0x47c3c09bcf37998d:0x575e229369a1cc38!8m2!3d50.8712634!4d4.2636497!16s%2Fg%2F11g6991fhp!19sChIJjZk3z5vAw0cROMyhaZMiXlc,'T Snacksken,4.2,192,Fast food restaurant,· Dine-in · Takeaway · Delivery,"Brusselstraat 230A, 1702 Dilbeek, Belgium","V7C7+GF Dilbeek, Belgium",https://www.frituurtsnacksken.be/,+32 2 466 12 38,Closed today,https://lh5.googleusercontent.com/p/AF1QipOvcg0vMLMHzSnEO2T89SS2f0ZiCDfudaEwPDiw=w408-h276-k-no,true,50.87125,4.2637499999999875,"https://www.google.com/maps/search/frituur/@50.8639564,4.2922419,12.26z?entry=ttu",2023-06-19T14:49:26.663Z,Closed,Closed,"11:30 AM–1:15 PM, 5–10 PM","11:30 AM–1:15 PM, 5–10 PM","11:30 AM–1:15 PM, 5–10 PM",5–10 PM,5–10 PM,
https://www.google.com/maps/place/Frituur+%27t+Patatjen/data=!4m7!3m6!1s0x47c3bed4ac627a67:0xb34c7a2c6cb5b689!8m2!3d50.8552473!4d4.1543385!16s%2Fg%2F11bzx3d7qk!19sChIJZ3pirNS-w0cRiba1bCx6TLM,Frituur 't Patatjen,4.6,130,Frituur,· Dine-in · Takeaway · Delivery,"Assesteenweg 409, 1741 Ternat, Belgium","V543+3P Ternat, Belgium",https://facebook.com/Frituur-T-Patatjen-1767171273523442/,+32 494 41 15 47,Closed today,https://lh5.googleusercontent.com/p/AF1QipMaj4mIE2WGhFvibRkOUhNcYYggZf1nzqv_NOGR=w507-h240-k-no,false,50.855187499999985,4.154312499999989,"https://www.google.com/maps/search/frituur/@50.8639564,4.2922419,12.26z?entry=ttu",2023-06-19T14:49:31.360Z,Closed,"11:30 AM–2 PM, 4:30–10 PM","11:30 AM–2 PM, 4:30–10 PM","11:30 AM–2 PM, 4:30–10 PM","11:30 AM–2 PM, 4:30–10 PM","11:30 AM–2 PM, 4:30–10 PM",Closed,
https://www.google.com/maps/place/Frituur+Op%E2%80%99t+Hoekske/data=!4m7!3m6!1s0x47c3c2a93d09a543:0x779fc8c83645ff2!8m2!3d50.9251143!4d4.4124101!16s%2Fg%2F11gdg6z2r3!19sChIJQ6UJPanCw0cR8l9kg4z8eQc,Frituur Op’t Hoekske,4.5,73,Frituur,· Dine-in · Takeaway,"Grimbergsesteenweg 101, 1800 Vilvoorde, Belgium","WCG6+2X Vilvoorde, Belgium",http://www.frituuropthoekske.be/,+32 496 83 65 72,Closed today,https://lh5.googleusercontent.com/p/AF1QipNiIs0GHWpnyTdsJnVmLkHoNJvDs_g5IHddaiER=w426-h240-k-no,true,50.92506250000001,4.412437499999996,"https://www.google.com/maps/search/frituur/@50.8639564,4.2922419,12.26z?entry=ttu",2023-06-19T14:49:35.435Z,Closed,Closed,"12–1:30 PM, 5–9 PM",5–9 PM,5–9:30 PM,5–9 PM,5–9 PM,
https://www.google.com/maps/place/Frituur+Tast%27oe/data=!4m7!3m6!1s0x47c3c2a19dd6242f:0xe15c7d928893dafa!8m2!3d50.9251221!4d4.3987964!16s%2Fg%2F11c3vncssm!19sChIJLyTWnaHCw0cR-tqTiJJ9XOE,Frituur Tast'oe,4.3,180,Restaurant,· Takeaway · Delivery,"Groot-Molenveldlaan 1, 1850 Grimbergen, Belgium","W9GX+2G Grimbergen, Belgium",https://www.facebook.com/tastoegrimbergen,+32 2 252 28 28,Closed today,https://lh5.googleusercontent.com/p/AF1QipO3qltdRoRuaLBdbklXb6fs9YsuqttJUZ88yPs=w426-h240-k-no,true,50.92506250000001,4.398812500000005,"https://www.google.com/maps/search/frituur/@50.8639564,4.2922419,12.26z?entry=ttu",2023-06-19T14:49:40.528Z,Closed,Closed,5–9 PM,5–9 PM,5–10 PM,5–9 PM,5–9 PM,
https://www.google.com/maps/place/Frituur+King+Frit/data=!4m7!3m6!1s0x47c3b8c3ad2eb4b5:0x35aafdda0d8b29c!8m2!3d50.8242728!4d4.1656869!16s%2Fg%2F11h7pbdgpw!19sChIJtbQurcO4w0cRnLLYoN2vWgM,Frituur King Frit,,,Frituur,,"Schapenstraat, 1750 Lennik, Belgium",,http://www.frituurkingfrit.be/,+32 2 880 54 14,,https://streetviewpixels-pa.googleapis.com/v1/thumbnail?panoid=22KZlwg0Xcc7OzZvhMdytw&cb_client=search.gws-prod.gps&w=408&h=240&yaw=172.17793&pitch=0&thumbfov=100,false,,,"https://www.google.com/maps/search/frituur/@50.8639564,4.2922419,12.26z?entry=ttu",2023-06-19T14:49:43.350Z,,,,,,,,
https://www.google.com/maps/place/Frituur+Terminus/data=!4m7!3m6!1s0x47c3c16a89a4694b:0xa5f07d362c51b6b4!8m2!3d50.8721614!4d4.2899742!16s%2Fg%2F11fp1ssdxb!19sChIJS2mkiWrBw0cRtLZRLDZ98KU,Frituur Terminus,2.1,9,Frituur,,"Chau. de Gand 1379, 1082 Berchem-Sainte-Agathe, Belgium","V7CQ+VX Sint-Agatha-Berchem, Belgium",,+32 2 469 15 36,Closed today,https://lh5.googleusercontent.com/p/AF1QipM5ATyHt8jcpI1po03F2JbhUgEeNVWlrqppSqV5=w426-h240-k-no,false,50.87218750000001,4.2899374999999935,"https://www.google.com/maps/search/frituur/@50.8639564,4.2922419,12.26z?entry=ttu",2023-06-19T14:49:48.070Z,Closed,"12–2 PM, 5–9 PM","12–2 PM, 5–9 PM","12–2 PM, 5–9 PM",5–10 PM,"12–2 PM, 5–9 PM","12–2 PM, 5–9 PM",
https://www.google.com/maps/place/Frituur+Transport/data=!4m7!3m6!1s0x47c3bf1ce3dabf97:0x662ef2b62fc2ca17!8m2!3d50.8841961!4d4.1673985!16s%2Fg%2F11f50v2lm6!19sChIJl7_a4xy_w0cRF8rCL7byLmY,Frituur Transport,4.7,108,Frituur,· Dine-in · Takeaway · Delivery,"Assesteenweg 42, 1740 Ternat, Belgium","V5M8+MX Ternat, Belgium",http://www.frituurtransport.be/,+32 2 310 04 05,Closed today,https://lh5.googleusercontent.com/p/AF1QipN2jfIMxhYZePFk9CoHW2eGw2N4ksFzAhFM63A=w408-h307-k-no,true,50.88418749999998,4.167437499999991,"https://www.google.com/maps/search/frituur/@50.8639564,4.2922419,12.26z?entry=ttu",2023-06-19T14:49:52.808Z,Closed,5–8:45 PM,"11:30 AM–1:30 PM, 5–8:45 PM",5–8:45 PM,"11:30 AM–1:30 PM, 5–9:15 PM",5:30–8:30 PM,Closed,
https://www.google.com/maps/place/Frituur+Kompromi+Leveren+en+Take+Away/data=!4m7!3m6!1s0x47c3bf3c6f41bda1:0xbd3108241d97fdd9!8m2!3d50.8713297!4d4.1783934!16s%2Fg%2F1tcvyl7p!19sChIJob1Bbzy_w0cR2f2XHSQIMb0,Frituur Kompromi Leveren en Take Away,3.9,168,Frituur,· Dine-in · Kerbside pickup · No-contact delivery,"Marktplein 9, 1740 Ternat, Belgium","V5CH+G9 Ternat, Belgium",http://www.kompromi.be/,+32 475 82 99 80,Closed,https://lh5.googleusercontent.com/p/AF1QipMqhOodreHFFE0e9y63Nd883A2lxMjInQNte7Dz=w408-h544-k-no,true,50.8713125,4.178437500000015,"https://www.google.com/maps/search/frituur/@50.8639564,4.2922419,12.26z?entry=ttu",2023-06-19T14:49:57.984Z,"12–1:30 PM, 5:15–9 PM",5:15–9 PM,"12–1:30 PM, 5:15–9 PM",5:15–9 PM,"12–1:30 PM, 5:15–9:30 PM",5:15–9:30 PM,5:15–9:15 PM,
https://www.google.com/maps/place/Frituur+Houba/data=!4m7!3m6!1s0x47c3c38a9f753165:0x31bcb11cc96b7b20!8m2!3d50.8860058!4d4.3425412!16s%2Fg%2F11h1dj8rz4!19sChIJZTF1n4rDw0cRIHtryRyxvDE,Frituur Houba,4.6,228,Frituur,· Dine-in · Takeaway · Delivery,"Av. Houba de Strooper 13, 1020 Bruxelles, Belgium","V8PV+C2 Brussels, Belgium",http://ubereats.com/,+32 2 380 04 56,Open now,https://lh5.googleusercontent.com/p/AF1QipNpRePAzrX6gwtsJDbGRrEj6mPCEcjaRoUqIrqz=w430-h240-k-no,true,50.886062499999994,4.3425625,"https://www.google.com/maps/search/frituur/@50.8639564,4.2922419,12.26z?entry=ttu",2023-06-19T14:50:02.727Z,11:30 AM–11 PM,11:30 AM–11 PM,11:30 AM–11 PM,11:30 AM–11 PM,11:30 AM–11 PM,11:30 AM–11 PM,12–11 PM,
https://www.google.com/maps/place/Snack+Frituur+Brother%27s/data=!4m7!3m6!1s0x47c3ddb5567258c7:0xe2668e7ef86f8d37!8m2!3d50.8971903!4d4.4346061!16s%2Fg%2F11fw4sq68l!19sChIJx1hyVrXdw0cRN41v-H6OZuI,Snack Frituur Brother's,3.6,145,Frituur,· Dine-in · Takeaway · No-contact delivery,"Haachtsesteenweg 24, 1831 Machelen, Belgium","VCWM+VR Machelen, Belgium",https://www.frituur-brothers.be/fr,+32 498 44 44 72,Open now,https://lh5.googleusercontent.com/p/AF1QipOxelHYO02ufIGsn2xSYlJjpF_8eGbnSai01vyU=w426-h240-k-no,true,50.89718749999999,4.434562500000013,"https://www.google.com/maps/search/frituur/@50.8639564,4.2922419,12.26z?entry=ttu",2023-06-19T14:50:08.435Z,11 AM–1 AM,11 AM–1 AM,11 AM–1 AM,11 AM–1 AM,11 AM–2 AM,11 AM–2 AM,11 AM–1 AM,LGBTQ+ friendly
https://www.google.com/maps/place/Frituur+Chalet/data=!4m7!3m6!1s0x47c3b850d6fcaac5:0xc57abda221a51b4f!8m2!3d50.8078886!4d4.1634941!16s%2Fg%2F11h7zfdfw0!19sChIJxar81lC4w0cRTxulIaK9esU,Frituur Chalet,4.5,13,Frituur,· Dine-in · Takeaway · Delivery,"Alfred Algoetstraat 77, 1750 Lennik, Belgium","R557+59 Lennik, Belgium",,,Closed today,https://lh5.googleusercontent.com/p/AF1QipMONN7fuUWo65OYk-Bg1yVQsPklMAR_UyatrFJR=w408-h306-k-no,false,50.807937499999994,4.163437500000001,"https://www.google.com/maps/search/frituur/@50.8639564,4.2922419,12.26z?entry=ttu",2023-06-19T14:50:13.414Z,Closed,"12–2 PM, 5 PM–12 AM","12–2 PM, 5 PM–12 AM","12–2 PM, 5 PM–12 AM","12–2 PM, 5 PM–12 AM",5 PM–12 AM,Closed,
https://www.google.com/maps/place/Frituur+De+Zuidertoren/data=!4m7!3m6!1s0x47c3c46e3c3e7303:0x2e69ce283b9578f!8m2!3d50.8370863!4d4.3399811!16s%2Fg%2F1tcvyl8s!19sChIJA3M-PG7Ew0cRj1e5g-Kc5gI,Frituur De Zuidertoren,3.9,323,Frituur,· Dine-in · Takeaway · Delivery,"Av. Fonsny 3, 1060 Saint-Gilles, Belgium","R8PQ+RX Saint-Gilles, Belgium",https://www.la-tour-du-midi.be/,+32 2 534 80 33,Open now,https://lh5.googleusercontent.com/p/AF1QipMfLdBvXV-ANoN2TaLuJYgVQ0ideLcH9oPe9ZjD=w408-h544-k-no,false,50.837062500000016,4.339937500000005,"https://www.google.com/maps/search/frituur/@50.8639564,4.2922419,12.26z?entry=ttu",2023-06-19T14:50:17.670Z,8 AM–2 AM,8 AM–2 AM,8 AM–2 AM,8 AM–2 AM,8 AM–2 AM,8 AM–2 AM,8 AM–2 AM,
https://www.google.com/maps/place/Frituur+Constant/data=!4m7!3m6!1s0x47c3dcb43e8e9651:0xf8295a4473afd79f!8m2!3d50.8626925!4d4.4160015!16s%2Fg%2F11f40qs9g9!19sChIJUZaOPrTcw0cRn9evc0RaKfg,Frituur Constant,4.5,50,Frituur,· Dine-in · Takeaway · Delivery,"Av. Artémis, 1140 Evere, Belgium","VC78+3C Evere, Belgium",https://friterie-constant.business.site/?utm_source=gmb&utm_medium=referral,+32 495 27 77 50,Closed today,https://lh5.googleusercontent.com/p/AF1QipNTVSvQIIbMXxLcst9bXTpmTKf2LeGXEyPpzVPa=w560-h240-k-no,true,50.86268749999998,4.416062499999995,"https://www.google.com/maps/search/frituur/@50.8639564,4.2922419,12.26z?entry=ttu",2023-06-19T14:50:22.867Z,Closed,6–9 PM,6–9 PM,6–9 PM,6–9 PM,Closed,Closed,
https://www.google.com/maps/place/Frituur+van+Strombeek/data=!4m7!3m6!1s0x47c3c25d509c2775:0xddaabaa740858087!8m2!3d50.9096183!4d4.3559808!16s%2Fg%2F11crxq8p1g!19sChIJdSecUF3Cw0cRh4CFQKe6qt0,Frituur van Strombeek,4.7,673,Fast food restaurant,· Dine-in · Takeaway · Delivery,"Sint-Amandsplein, 1853 Grimbergen, Belgium","W954+R9 Grimbergen, Belgium",,,Closed,https://lh5.googleusercontent.com/p/AF1QipNF3CNRalEfSfYdYNh25EBe--PoMzuwdHbkq5le=w408-h306-k-no,true,50.90956250000001,4.355937499999996,"https://www.google.com/maps/search/frituur/@50.8639564,4.2922419,12.26z?entry=ttu",2023-06-19T14:50:27.354Z,"11:30 AM–2 PM, 5–10 PM","11:30 AM–2 PM, 5–10 PM","11:30 AM–2 PM, 5–10 PM",5–10 PM,"11:30 AM–2 PM, 5–10 PM","11:30 AM–2 PM, 5–10 PM",Closed,
https://www.google.com/maps/place/Frituur+%27t+Besluit/data=!4m7!3m6!1s0x47c3bf30fb7372f7:0xc916202162243f70!8m2!3d50.867641!4d4.2067549!16s%2Fg%2F11gr051mct!19sChIJ93Jz-zC_w0cRcD8kYiEgFsk,Frituur 't Besluit,4.6,45,Frituur,· Dine-in · Takeaway · Delivery,"Molenstraat 93, 1700 Dilbeek, Belgium","V694+3P Dilbeek, Belgium",https://www.persinfo.org/nl/nieuws/artikel/bodegem-heeft-binnen-enkele-maanden-een-frituur/34559,+32 2 252 56 86,Closed today,https://lh5.googleusercontent.com/p/AF1QipNeyNKATdnxjKMMGbxpGjpjvsTJqChDQRmFGQi0=w408-h262-k-no,false,50.8676875,4.20681249999997,"https://www.google.com/maps/search/frituur/@50.8639564,4.2922419,12.26z?entry=ttu",2023-06-19T14:50:31.552Z,Closed,Closed,5–9 PM,5–9 PM,5–9 PM,5–10 PM,5–10 PM,
https://www.google.com/maps/place/Friterie+Chez+Jef/data=!4m7!3m6!1s0x47c3c2e6f8a82387:0xb17d47d318377dd0!8m2!3d50.8967219!4d4.3879892!16s%2Fg%2F11bx1xx_xx!19sChIJhyOo-ObCw0cR0H03GNNHfbE,Friterie Chez Jef,4.7,427,Frituur,· Dine-in · Takeaway · Delivery,"Pl. Peter Benoit, 1120 Bruxelles, Belgium","V9WQ+M5 Brussels, Belgium",,,Closed today,https://lh5.googleusercontent.com/p/AF1QipN332SkcdXbdHFvNsZ_Pvuy_uEhumiU4n1Iyx1y=w408-h544-k-no,true,50.89668749999997,4.387937499999978,"https://www.google.com/maps/search/frituur/@50.8639564,4.2922419,12.26z?entry=ttu",2023-06-19T14:50:36.622Z,Closed,Closed,5–9 PM,5–9 PM,"11 AM–1:30 PM, 5–9 PM",5–9 PM,5–9 PM,
https://www.google.com/maps/place/Snack+Frituur+Koningslo/data=!4m7!3m6!1s0x47c3c3396c9bea37:0x58f2bc73c08b807f!8m2!3d50.9126078!4d4.3724908!16s%2Fg%2F11q433tybz!19sChIJN-qbbDnDw0cRf4CLwHO88lg,Snack Frituur Koningslo,4.1,104,Frituur,· Dine-in · Kerbside pickup · No-contact delivery,"Streekbaan 186, 1800 Vilvoorde, Belgium","W97C+2X Vilvoorde, Belgium",,+32 484 94 30 30,Closed today,https://lh5.googleusercontent.com/p/AF1QipPgvcU94B_EKluaDXMdCvb9krqzGBD5y-JD3Swf=w408-h544-k-no,true,50.91256249999999,4.372437500000004,"https://www.google.com/maps/search/frituur/@50.8639564,4.2922419,12.26z?entry=ttu",2023-06-19T14:50:41.513Z,Closed,11:30 AM–12 AM,11:30 AM–12 AM,11:30 AM–12 AM,11:30 AM–12 AM,11:30 AM–12 AM,11:30 AM–12 AM,
https://www.google.com/maps/place/Ons+Vervolg/data=!4m7!3m6!1s0x47c3c1a58574a0f3:0xf38dac4d5b46881f!8m2!3d50.8995805!4d4.2796131!16s%2Fg%2F11ckpy4p6l!19sChIJ86B0haXBw0cRH4hGW02sjfM,Ons Vervolg,4.7,99,Frituur,,"Dorpsstraat 43, 1731 Asse, Belgium","V7XH+RR Asse, Belgium",http://www.onsvervolg.be/,+32 2 311 89 85,Closed today,https://lh5.googleusercontent.com/p/AF1QipORt22Gq68fvNko6RNWk3sQQ_2ok6Wo9C4MNpyD=w426-h240-k-no,true,50.899562500000016,4.2795625000000115,"https://www.google.com/maps/search/frituur/@50.8639564,4.2922419,12.26z?entry=ttu",2023-06-19T14:50:46.116Z,Closed,Closed,5–10 PM,"11 AM–1:30 PM, 5–10 PM","11:30 AM–1:30 PM, 5–10 PM",5–10 PM,5–10 PM,
https://www.google.com/maps/place/FRIETKET/data=!4m7!3m6!1s0x47c3e7461b69b25d:0xb11348e98e6a0b17!8m2!3d50.9283901!4d4.42374!16s%2Fg%2F11kk1h0j1m!19sChIJXbJpG0bnw0cRFwtqjulIE7E,FRIETKET,5.0,8,Frituur,,"Grote Markt 20, 1800 Vilvoorde, Belgium","WCHF+9F Vilvoorde, Belgium",http://www.frietket.com/,,Closed today,https://lh5.googleusercontent.com/p/AF1QipMME9FcEGA5zjEi3LNI3FybSOvwHkIBaYJ0B8Na=w408-h544-k-no,true,50.928437500000015,4.423687500000014,"https://www.google.com/maps/search/frituur/@50.8639564,4.2922419,12.26z?entry=ttu",2023-06-19T14:50:50.291Z,Closed,Closed,4:30–9 PM,4:30–9 PM,4:30–10 PM,4:30–10 PM,4:30–10 PM,
https://www.google.com/maps/place/Snack+Friture+de+la+Reine+sprl/data=!4m7!3m6!1s0x47c3c30a9e8a1689:0x8d3f21ed7b3159fc!8m2!3d50.8699804!4d4.3622436!16s%2Fg%2F11bzx2pv8f!19sChIJiRaKngrDw0cR_Fkxe-0hP40,Snack Friture de la Reine sprl,4.6,35,Frituur,· Dine-in · Takeaway,"Av. de la Reine 177, 1000 Bruxelles, Belgium","V996+XV Brussels, Belgium",,+32 2 203 09 23,Open now,https://streetviewpixels-pa.googleapis.com/v1/thumbnail?panoid=rRTCd21fYHrxF85zY7cmHw&cb_client=search.gws-prod.gps&w=408&h=240&yaw=73.82323&pitch=0&thumbfov=100,true,50.869937500000006,4.36218749999999,"https://www.google.com/maps/search/frituur/@50.8639564,4.2922419,12.26z?entry=ttu",2023-06-19T14:50:54.366Z,11:30 AM–12 AM,11:30 AM–12 AM,11:30 AM–12 AM,11:30 AM–12 AM,11:30 AM–12 AM,11:30 AM–12 AM,11:30 AM–12 AM,
https://www.google.com/maps/place/Puur+Frituur+Merchtem/data=!4m7!3m6!1s0x47c3c1bef3a725e9:0x30f2299b9e30211a!8m2!3d50.9197849!4d4.2846294!16s%2Fg%2F11hzlqzghr!19sChIJ6SWn877Bw0cRGiEwnpsp8jA,Puur Frituur Merchtem,4.5,158,Frituur,· Dine-in · Takeaway · Delivery,"Brusselsesteenweg 437, 1785 Merchtem, Belgium","W79M+WV Merchtem, Belgium",https://www.facebook.com/Puur-Frituur-Merchtem-909539839390426/,+32 486 06 94 83,Closed,https://lh5.googleusercontent.com/p/AF1QipNFVUptPZ-8ZQ_a9a234Me9bzw6xsW5Hxqp5JbM=w408-h544-k-no,true,50.91981250000002,4.284687500000004,"https://www.google.com/maps/search/frituur/@50.8639564,4.2922419,12.26z?entry=ttu",2023-06-19T14:50:59.391Z,"11:30 AM–1:30 PM, 5–10:30 PM","11:30 AM–1:30 PM, 5–10:30 PM","11:30 AM–1:30 PM, 5–10:30 PM","11:30 AM–1:30 PM, 5–10:30 PM","11:30 AM–1:30 PM, 5–10:30 PM",Closed,Closed,
https://www.google.com/maps/place/%27%27t+Gouden+Fritje%27/data=!4m7!3m6!1s0x47c3c0005ef8aa31:0x9c782786a7a7a2dd!8m2!3d50.933685!4d4.2234052!16s%2Fg%2F11cs2ww87n!19sChIJMar4XgDAw0cR3aKnp4YneJw,'t Gouden Fritje,4.6,61,Frituur,· Dine-in · Takeaway · Delivery,"Voorstehoeve 9, 1730 Asse, Belgium","W6MF+F9 Asse, Belgium",https://www.facebook.com/T-Gouden-Fritje-790272917985589/?ref=bookmarks,+32 2 327 31 60,Closed today,https://lh5.googleusercontent.com/p/AF1QipOZQuozrmEpD3IJDccXruomgMAo9tkIG0vHcYCq=w408-h407-k-no,true,50.933687500000005,4.223437500000003,"https://www.google.com/maps/search/frituur/@50.8639564,4.2922419,12.26z?entry=ttu",2023-06-19T14:51:03.974Z,Closed,"11:30 AM–1 PM, 5–10 PM","11:30 AM–1 PM, 5–10 PM","11:30 AM–1 PM, 5–10 PM","11:30 AM–1 PM, 5–10 PM",5–10 PM,Closed,
https://www.google.com/maps/place/Frituur+168%C2%B0/data=!4m7!3m6!1s0x47c3e7fe4b13017f:0xd9151c64b82f02c2!8m2!3d50.9313919!4d4.4235993!16s%2Fg%2F11bxc63056!19sChIJfwETS_7nw0cRwgIvuGQcFdk,Frituur 168°,4.4,94,Fast food restaurant,· Dine-in · Takeaway · Delivery,"Mechelsesteenweg 2, 1800 Vilvoorde, Belgium","WCJF+HC Vilvoorde, Belgium",http://www.frituur168.be/,+32 475 23 56 11,Closed,https://lh5.googleusercontent.com/p/AF1QipM0NXta1EBdWhLioYxAG9DLXgOFBIjW1zIYNAVP=w408-h544-k-no,true,50.9314375,4.423562500000017,"https://www.google.com/maps/search/frituur/@50.8639564,4.2922419,12.26z?entry=ttu",2023-06-19T14:51:08.304Z,5:30–9 PM,Closed,"11:30 AM–1:30 PM, 5:30–9 PM","11:30 AM–1:30 PM, 5:30–9 PM","11:30 AM–1:30 PM, 5:15–9 PM",Closed,5:15–9 PM,
https://www.google.com/maps/place/Frituur+Steve+Pannenhuis/data=!4m7!3m6!1s0x47c3c3beec048a3d:0x884ce5667c54d066!8m2!3d50.8727511!4d4.3417303!16s%2Fg%2F11c2p9htf_!19sChIJPYoE7L7Dw0cRZtBUfGblTIg,Frituur Steve Pannenhuis,4.7,142,Frituur,,"Rue Charles Demeer 94, 1020 Bruxelles, Belgium","V8FR+4M Brussels, Belgium",,+32 486 97 61 94,Closed today,https://lh5.googleusercontent.com/p/AF1QipOr_5DaaQQJ5UKBu-KH6vx8vk6nxRwe97CqnG4S=w408-h306-k-no,false,50.872812499999995,4.341687499999992,"https://www.google.com/maps/search/frituur/@50.8639564,4.2922419,12.26z?entry=ttu",2023-06-19T14:51:13.320Z,Closed,"11:30 AM–2 PM, 5–9 PM","11:30 AM–2 PM, 5–9 PM","11:30 AM–2 PM, 5–9 PM","11:30 AM–2 PM, 5–10 PM",Closed,Closed,
https://www.google.com/maps/place/Frituur+De+Gendarm/data=!4m7!3m6!1s0x47c3b8a9453bf4b7:0x9e2ec48cd1bb8623!8m2!3d50.8474611!4d4.203325!16s%2Fg%2F11c1k_rcsl!19sChIJt_Q7Ram4w0cRI4a70YzELp4,Frituur De Gendarm,4.3,151,Frituur,· Dine-in · Takeaway,"Wijngaardstraat 103, 1703 Dilbeek, Belgium","R6W3+X8 Dilbeek, Belgium",https://www.frituurdegendarm.be/,+32 470 09 01 66,Closed today,https://lh5.googleusercontent.com/p/AF1QipMc12ZjYLNC3bJpLZaLXszBZxXQeoML64ukQb4X=w408-h306-k-no,false,50.8474375,4.203312499999996,"https://www.google.com/maps/search/frituur/@50.8639564,4.2922419,12.26z?entry=ttu",2023-06-19T14:51:17.562Z,Closed,5–10 PM,5–10 PM,5–10 PM,"11:30 AM–1:30 PM, 4:30–10:30 PM",5–10:30 PM,5–10 PM,
https://www.google.com/maps/place/Chez+tatayet/data=!4m7!3m6!1s0x47c3c351dd8587c9:0x6dbf519b67c88cc0!8m2!3d50.8561079!4d4.4020319!16s%2Fg%2F1tflllnn!19sChIJyYeF3VHDw0cRwIzIZ5tRv20,Chez tatayet,4.4,151,Restaurant,· Dine-in · Takeaway · Delivery,"Chau. de Louvain 571, 1030 Schaerbeek, Belgium","VC42+CR Schaerbeek, Belgium",https://www.takeaway.com/be-fr/snack-tatayet,+32 2 705 50 05,Closed,https://lh5.googleusercontent.com/p/AF1QipOn15NQwWFi0ZjRMNmsGBInrdcgNx_i3x8l_SIl=w408-h544-k-no,true,50.85606249999999,4.402062500000014,"https://www.google.com/maps/search/frituur/@50.8639564,4.2922419,12.26z?entry=ttu",2023-06-19T14:51:22.255Z,"11:30 AM–3 PM, 5:30–11:30 PM","11:30 AM–3 PM, 5:30–11:30 PM","11:30 AM–3 PM, 5:30–11:30 PM","11:30 AM–3 PM, 5:30–11:30 PM","11:30 AM–3 PM, 5:30 PM–2 AM",5:30 PM–2 AM,Closed,
https://www.google.com/maps/place/Nuus+%2F+Hennie/data=!4m7!3m6!1s0x47c3c16a89a6836b:0x79b66431a5e8d1bd!8m2!3d50.8720494!4d4.2901922!16s%2Fg%2F1tfcxzkt!19sChIJa4OmiWrBw0cRvdHopTFktnk,Nuus / Hennie,4.0,65,Frituur,· Dine-in · Takeaway · Delivery,"Chau. de Gand 1377/Y, 1082 Berchem-Sainte-Agathe, Belgium","V7CR+R3 Sint-Agatha-Berchem, Belgium",http://friterie-terminus.one2three.be/products,+32 2 469 15 36,Closed today,https://lh5.googleusercontent.com/p/AF1QipOFFfDRpXA04kQpUYiWwirNyLfCaN__PMRnEwz7=w426-h240-k-no,false,50.87206250000001,4.290187499999988,"https://www.google.com/maps/search/frituur/@50.8639564,4.2922419,12.26z?entry=ttu",2023-06-19T14:51:26.762Z,Closed,"12–2 PM, 5–10 PM","12–2 PM, 5–10 PM","12–2 PM, 5–10 PM","12–2 PM, 5–10 PM",5–10 PM,Closed,
https://www.google.com/maps/place/Fritshop+Kris/data=!4m7!3m6!1s0x47c3c267de96f2db:0xfdfbd09e4926509c!8m2!3d50.9118954!4d4.356374!16s%2Fg%2F11j08blmpf!19sChIJ2_KW3mfCw0cRnFAmSZ7Q-_0,Fritshop Kris,4.0,1,Frituur,,"Grimbergsesteenweg 147, 1853 Grimbergen, Belgium","W964+QG Grimbergen, Belgium",,,,https://streetviewpixels-pa.googleapis.com/v1/thumbnail?panoid=EuFlgjPZ3a9v1jOlLvj4Rw&cb_client=search.gws-prod.gps&w=408&h=240&yaw=63.72777&pitch=0&thumbfov=100,false,50.91193750000001,4.356312499999987,"https://www.google.com/maps/search/frituur/@50.8639564,4.2922419,12.26z?entry=ttu",2023-06-19T14:51:31.537Z,,,,,,,,
https://www.google.com/maps/place/De+Breucker+Hilde/data=!4m7!3m6!1s0x47c3c18c5ab9e5c9:0x3caa55eec82f3f82!8m2!3d50.9086786!4d4.3090808!16s%2Fg%2F1tmg5q9m!19sChIJyeW5WozBw0cRgj8vyO5Vqjw,De Breucker Hilde,3.9,89,Frituur,,"J. Vanden Broeckstraat 57, 1780 Wemmel, Belgium","W855+FJ Wemmel, Belgium",,+32 2 460 81 39,Closed,https://lh5.googleusercontent.com/p/AF1QipOCgxTu0TkdOh4KBKGEsUI47g9_ou4FDNBWHjnm=w408-h306-k-no,true,50.9086875,4.309062499999996,"https://www.google.com/maps/search/frituur/@50.8639564,4.2922419,12.26z?entry=ttu",2023-06-19T14:51:36.999Z,6–9 PM,6–9 PM,"11:30 AM–2:30 PM, 6–9 PM","11:30 AM–2:30 PM, 6–9 PM","11:30 AM–2:30 PM, 6–10 PM","11:30 AM–2:30 PM, 6–9:30 PM","11:30 AM–2:30 PM, 6–9:30 PM",
https://www.google.com/maps/place/Friterie+Georges-Henri/data=!4m7!3m6!1s0x47c3db560cb51c6f:0x380071e8cdc6a43e!8m2!3d50.8442957!4d4.4148293!16s%2Fg%2F11bx1bdy60!19sChIJbxy1DFbbw0cRPqTGzehxADg,Friterie Georges-Henri,4.1,217,Frituur,· Dine-in · Takeaway · Delivery,"Av. Georges Henri 249, 1200 Woluwe-Saint-Lambert, Belgium","RCV7+PW Woluwe-Saint-Lambert, Belgium",,+32 465 50 22 08,Open now,https://lh5.googleusercontent.com/p/AF1QipObXqG6EvCrJdcJaLBmMM4cWDZ5xBlwQEIR3i0c=w408-h408-k-no,true,50.84431249999999,4.4148124999999965,"https://www.google.com/maps/search/frituur/@50.8639564,4.2922419,12.26z?entry=ttu",2023-06-19T14:51:41.757Z,11:30 AM–11 PM,11:30 AM–11 PM,11:30 AM–11 PM,11:30 AM–11 PM,11:30 AM–11 PM,11:30 AM–11 PM,11 AM–11 PM,
https://www.google.com/maps/place/Friterie+Saint-Josse/data=!4m7!3m6!1s0x47c3c36255210799:0xf8cab42240b9c2c8!8m2!3d50.8496606!4d4.3746846!16s%2Fg%2F11bx1y28_2!19sChIJmQchVWLDw0cRyMK5QCK0yvg,Friterie Saint-Josse,4.2,321,Frituur,,"Chau. de Louvain 99, 1210 Saint-Josse-ten-Noode, Belgium","R9XF+VV Saint-Josse-ten-Noode, Belgium",,,Closed today,https://lh5.googleusercontent.com/p/AF1QipP3ESpPGyHMDectQlFJgmywdsNX60wxIpmVyGog=w408-h544-k-no,false,50.84968750000003,4.374687500000007,"https://www.google.com/maps/search/frituur/@50.8639564,4.2922419,12.26z?entry=ttu",2023-06-19T14:51:46.097Z,Closed,11 AM–11 PM,11 AM–11 PM,11 AM–11 PM,11 AM–11 PM,Open 24 hours,Closed,
https://www.google.com/maps/place/Frituur+Snack+City/data=!4m7!3m6!1s0x47c3c242bb94543d:0xd7ea43f8d9b3f60f!8m2!3d50.9096297!4d4.3545981!16s%2Fg%2F11byflk1f5!19sChIJPVSUu0LCw0cRD_az2fhD6tc,Frituur Snack City,3.9,190,Fast food restaurant,· Dine-in · Takeaway,"Sint-Amandsplein 1, 1853 Grimbergen, Belgium","W953+VR Grimbergen, Belgium",http://www.snackcitystrombeek.be/contact,+32 484 99 60 51,Closed,https://lh5.googleusercontent.com/p/AF1QipM2TUgwJLsWWiD9JOyH3GKCjW9t2KP58LNNqFTj=w408-h544-k-no,true,50.909687500000004,4.3545625,"https://www.google.com/maps/search/frituur/@50.8639564,4.2922419,12.26z?entry=ttu",2023-06-19T14:51:50.667Z,6–10:30 PM,11:30 AM–11 PM,11:30 AM–11 PM,11:30 AM–11 PM,11:30 AM–11:30 PM,11:30 AM–11:30 PM,11:30 AM–11 PM,
https://www.google.com/maps/place/Fritmarkt+snack/data=!4m7!3m6!1s0x47c3c13468ee2b71:0x8898b93c69038157!8m2!3d50.9094284!4d4.3031403!16s%2Fg%2F11sfp70q17!19sChIJcSvuaDTBw0cRV4EDaTy5mIg,Fritmarkt snack,5.0,2,Frituur,· Dine-in · Takeaway · Delivery,"Steenweg op Merchtem 72, 1780 Wemmel, Belgium","W853+Q7 Wemmel, Belgium",,+32 487 20 16 28,Closed today,https://streetviewpixels-pa.googleapis.com/v1/thumbnail?panoid=d65OhKHH6Oj5OcJ-Mi0F0w&cb_client=search.gws-prod.gps&w=408&h=240&yaw=116.69089&pitch=0&thumbfov=100,true,50.90943750000001,4.303187500000021,"https://www.google.com/maps/search/frituur/@50.8639564,4.2922419,12.26z?entry=ttu",2023-06-19T14:51:55.201Z,Closed,12–10 PM,12–10 PM,12–10 PM,12–10:30 PM,3–10:30 PM,12–10 PM,
https://www.google.com/maps/place/Loemek+-+frituur+en+levering/data=!4m7!3m6!1s0x47c3bede78e5e74b:0x6bbf4feb7e8f1d53!8m2!3d50.8738069!4d4.1566141!16s%2Fg%2F1tsbl8v6!19sChIJS-fleN6-w0cRUx2PfutPv2s,Loemek - frituur en levering,4.4,146,Frituur,· Dine-in · Takeaway · Delivery,"Kapelleveld 1, 1742 Ternat, Belgium","V5F4+GJ Ternat, Belgium",http://frituurloemek.be/,+32 475 56 19 23,Closed today,https://lh5.googleusercontent.com/p/AF1QipNpvGrAVfvQUc8WJK6V6PWKnWh48Uo3uRQyzL_f=w418-h240-k-no,true,50.8738125,4.156562499999993,"https://www.google.com/maps/search/frituur/@50.8639564,4.2922419,12.26z?entry=ttu",2023-06-19T14:52:00.402Z,Closed,Closed,5–10 PM,5–10 PM,5–10 PM,5–10 PM,5–10 PM,
https://www.google.com/maps/place/Frituur+Drie+Koningen/data=!4m7!3m6!1s0x47c3c6cea24934d3:0x675f3d425a545f4b!8m2!3d50.8451977!4d4.2758985!16s%2Fg%2F11bzx2wqv1!19sChIJ0zRJos7Gw0cRS19UWkI9X2c,Frituur Drie Koningen,4.3,107,Hot dog restaurant,· Dine-in · Takeaway · Delivery,"Baron R. de Vironlaan 172, 1700 Dilbeek, Belgium","R7WG+39 Dilbeek, Belgium",,+32 2 532 09 68,,https://lh5.googleusercontent.com/p/AF1QipNUSHHHgffoOz452iog-nSiwglFGS6VxUELgq4e=w408-h544-k-no,true,50.845187499999994,4.275937500000012,"https://www.google.com/maps/search/frituur/@50.8639564,4.2922419,12.26z?entry=ttu",2023-06-19T14:52:05.094Z,,,,,,,,Identifies as women-owned
https://www.google.com/maps/place/Frites+Garage/data=!4m7!3m6!1s0x47c3c19a526aa209:0x572da61f173307a5!8m2!3d50.8946664!4d4.2439379!16s%2Fg%2F11rsqrqcmn!19sChIJCaJqUprBw0cRpQczFx-mLVc,Frites Garage,4.7,142,Frituur,· Dine-in · Takeaway · Delivery,"Brusselsesteenweg 351, 1731 Asse, Belgium","V6VV+VH Asse, Belgium",http://www.fritesgarage.be/,+32 477 30 03 00,Open now,https://lh5.googleusercontent.com/p/AF1QipOLZ1BExKLzG559pRxLkGcIzR97E6FXzQUxLQy8=w408-h306-k-no,true,50.89468749999999,4.243937499999973,"https://www.google.com/maps/search/frituur/@50.8639564,4.2922419,12.26z?entry=ttu",2023-06-19T14:52:10.147Z,11:30 AM–9 PM,11:30 AM–9 PM,11:30 AM–9 PM,11:30 AM–9 PM,11:30 AM–9 PM,Closed,Closed,
https://www.google.com/maps/place/Frituur+Egzon/data=!4m7!3m6!1s0x47c3dcb3c8f04f6b:0x1e5f5740a64871d5!8m2!3d50.8591367!4d4.4153623!16s%2Fg%2F11bzx1p0cf!19sChIJa0_wyLPcw0cR1XFIpkBXXx4,Frituur Egzon,4.4,343,Frituur,· Dine-in · Takeaway · Delivery,"Chau. de Louvain 948, 1140 Evere, Belgium","VC58+M4 Evere, Belgium",,+32 485 11 32 02,Open now,https://lh5.googleusercontent.com/p/AF1QipNyxgEwONGiaw07CnBhABI52R4NEPRLBD42kTuY=w408-h306-k-no,true,50.859187499999976,4.415312499999985,"https://www.google.com/maps/search/frituur/@50.8639564,4.2922419,12.26z?entry=ttu",2023-06-19T14:52:14.689Z,11:30 AM–11 PM,11:30 AM–11 PM,11:30 AM–11 PM,11:30 AM–11 PM,11:30 AM–11 PM,11:30 AM–11 PM,11:30 AM–11 PM,
https://www.google.com/maps/place/Frituur+Stadion/data=!4m7!3m6!1s0x47c3c22e197a15bb:0xab0d38fc4bca588a!8m2!3d50.8967754!4d4.3280875!16s%2Fg%2F11f31fpfdm!19sChIJuxV6GS7Cw0cRiljKS_w4Das,Frituur Stadion,4.5,162,Frituur,· Dine-in · Takeaway,"Av. Houba de Strooper 696, 1020 Bruxelles, Belgium","V8WH+P6 Brussels, Belgium",,+32 465 65 62 40,Closed today,https://lh5.googleusercontent.com/p/AF1QipNeYRxeMxXwu8ZbtASjHo_OZs_A-RS23js7zuOS=w426-h240-k-no,true,50.89681249999997,4.3280625000000015,"https://www.google.com/maps/search/frituur/@50.8639564,4.2922419,12.26z?entry=ttu",2023-06-19T14:52:19.238Z,Closed,11:30 AM–11 PM,11:30 AM–11 PM,11:30 AM–11 PM,11:30 AM–11 PM,11:30 AM–11 PM,11:30 AM–11 PM,
https://www.google.com/maps/place/Frituur+Snack+Greco/data=!4m7!3m6!1s0x47c3c3a6b24983b5:0x929d1af8e0c9eebe!8m2!3d50.8740843!4d4.3569721!16s%2Fg%2F11ddxsm96b!19sChIJtYNJsqbDw0cRvu7J4PganZI,Frituur Snack Greco,4.6,176,Frituur,· Dine-in · Takeaway · Delivery,"Rue Marie-Christine 44, 1020 Bruxelles, Belgium","V9F4+JQ Brussels, Belgium",,+32 2 426 04 92,Open now,https://lh5.googleusercontent.com/p/AF1QipPWWf-k5bhudJlCTVs2iW0ma-ongHUn_dAEc0Zl=w408-h544-k-no,true,50.874062499999994,4.356937500000001,"https://www.google.com/maps/search/frituur/@50.8639564,4.2922419,12.26z?entry=ttu",2023-06-19T14:52:23.759Z,11:30 AM–8 PM,Closed,Closed,11:30 AM–8 PM,11:30 AM–8 PM,11:30 AM–8 PM,11:30 AM–8 PM,
https://www.google.com/maps/place/Broun+II/data=!4m7!3m6!1s0x47c3dd47eb30aa33:0xdae6d965e2754fbb!8m2!3d50.908573!4d4.4323213!16s%2Fg%2F1tv239mw!19sChIJM6ow60fdw0cRu0914mXZ5to,Broun II,4.4,93,Frituur,· Dine-in · Takeaway · Delivery,"Henri Brounsstraat 48, 1830 Machelen, Belgium","WC5J+CW Machelen, Belgium",http://www.bestfrit.be/,+32 2 251 12 92,Closed today,https://lh5.googleusercontent.com/p/AF1QipNotB38Pz1Vd0WuQ-miyzZFgOu1B_YgICzHLT72=w408-h306-k-no,false,50.9085625,4.432312500000009,"https://www.google.com/maps/search/frituur/@50.8639564,4.2922419,12.26z?entry=ttu",2023-06-19T14:52:27.789Z,Closed,Closed,5–9:30 PM,5–9:30 PM,"11:30 AM–1:30 PM, 5–10 PM",5–9:30 PM,5–9:30 PM,
https://www.google.com/maps/place/FRIT+%26+ZO/data=!4m7!3m6!1s0x47c3dd581aada333:0xeab25d390d115bc5!8m2!3d50.9277652!4d4.434667!16s%2Fg%2F11b7lpt73q!19sChIJM6OtGljdw0cRxVsRDTldsuo,FRIT & ZO,4.5,222,Frituur,· Dine-in · Takeaway,"Benoit Hanssenslaan 36, 1800 Vilvoorde, Belgium","WCHM+4V Vilvoorde, Belgium",http://www.fritenzo.be/,+32 2 252 46 19,Closed today,https://lh5.googleusercontent.com/p/AF1QipNq0vLAHjtOtFudvJgimTlo3K5MwnMoENYFhFtD=w426-h240-k-no,true,50.9278125,4.43468750000001,"https://www.google.com/maps/search/frituur/@50.8639564,4.2922419,12.26z?entry=ttu",2023-06-19T14:52:32.075Z,Closed,Closed,"11:30 AM–1:15 PM, 5–9 PM","11:30 AM–1:15 PM, 5–9 PM","11:30 AM–1:15 PM, 5–10 PM",5–10 PM,5–10 PM,
https://www.google.com/maps/place/Fritkot+Bompa/data=!4m7!3m6!1s0x47c3c442b2cb456b:0x4d69d530867e6b35!8m2!3d50.826692!4d4.3428038!16s%2Fg%2F11j8lm_bkt!19sChIJa0XLskLEw0cRNWt-hjDVaU0,Fritkot Bompa,,,Frituur,,"Av. du Parc 5, 1060 Bruxelles, Belgium","R8GV+M4 Brussels, Belgium",,,,https://streetviewpixels-pa.googleapis.com/v1/thumbnail?panoid=qRQlS2gQvIeN9hmkiB6BkA&cb_client=search.gws-prod.gps&w=408&h=240&yaw=358.02066&pitch=0&thumbfov=100,false,50.826687500000006,4.342812499999994,"https://www.google.com/maps/search/frituur/@50.8639564,4.2922419,12.26z?entry=ttu",2023-06-19T14:52:36.568Z,,,,,,,,
https://www.google.com/maps/place/Frituur+Chez+Le+Grec/data=!4m7!3m6!1s0x47c3c4016355cbfd:0x4232471ee72f44f8!8m2!3d50.8439648!4d4.3136234!16s%2Fg%2F11ggqjwjfp!19sChIJ_ctVYwHEw0cR-EQv5x5HMkI,Frituur Chez Le Grec,4.6,373,Frituur,· Dine-in · Takeaway · Delivery,"Sq. des Vétérans Coloniaux, 1070 Anderlecht, Belgium","R8V7+HC Anderlecht, Belgium",,+32 487 86 00 06,Open now,https://lh5.googleusercontent.com/p/AF1QipPVOX_51N2kQGZRwq6u0tOEBbe792JxOjLA-M-m=w486-h240-k-no,false,50.843937499999996,4.313562500000003,"https://www.google.com/maps/search/frituur/@50.8639564,4.2922419,12.26z?entry=ttu",2023-06-19T14:52:41.504Z,11 AM–10 PM,11:30 AM–10 PM,11:30 AM–10 PM,11:30 AM–10 PM,11:30 AM–11 PM,12–10 PM,Closed,
https://www.google.com/maps/place/Beireke/data=!4m7!3m6!1s0x47c3c3659aa9b105:0xa20515e84829206a!8m2!3d50.8567758!4d4.376401!16s%2Fg%2F11bzx239f2!19sChIJBbGpmmXDw0cRaiApSOgVBaI,Beireke,4.3,3,Frituur,· Dine-in · Takeaway,"Rue de la Consolation 16, 1030 Schaerbeek, Belgium","V94G+PH Schaerbeek, Belgium",,+32 2 245 07 58,Open now,https://streetviewpixels-pa.googleapis.com/v1/thumbnail?panoid=zTqQUL1oumx7JYRILTbzRQ&cb_client=search.gws-prod.gps&w=408&h=240&yaw=48.198563&pitch=0&thumbfov=100,false,50.856812499999975,4.376437499999994,"https://www.google.com/maps/search/frituur/@50.8639564,4.2922419,12.26z?entry=ttu",2023-06-19T14:52:45.335Z,12–10 PM,12–10 PM,12–10 PM,12–10 PM,12–10 PM,12–10 PM,12–10 PM,
https://www.google.com/maps/place/Frituur+Heyvaart/data=!4m7!3m6!1s0x47c3c524d91c34cd:0xdad6633c1250a894!8m2!3d50.8472721!4d4.3330445!16s%2Fg%2F11rsh8zb18!19sChIJzTQc2STFw0cRlKhQEjxj1to,Frituur Heyvaart,5.0,1,Fast food restaurant,· Dine-in · Takeaway,"Rue Heyvaert 84, 1070 Bruxelles, Belgium","R8WM+W6 Brussels, Belgium",,,,https://streetviewpixels-pa.googleapis.com/v1/thumbnail?panoid=v34p--NUm5tO-jowv_bCCQ&cb_client=search.gws-prod.gps&w=408&h=240&yaw=157.32382&pitch=0&thumbfov=100,false,50.8473125,4.333062499999997,"https://www.google.com/maps/search/frituur/@50.8639564,4.2922419,12.26z?entry=ttu",2023-06-19T14:52:49.361Z,,,,,,,,
https://www.google.com/maps/place/Frituur+Bij+Fernand/data=!4m7!3m6!1s0x47c3db562c6ce3ab:0xe5129ae5a08fb009!8m2!3d50.8448616!4d4.4180501!16s%2Fg%2F1pxwv0q38!19sChIJq-NsLFbbw0cRCbCPoOWaEuU,Frituur Bij Fernand,4.3,799,Frituur,· Dine-in · Kerbside pickup · No-contact delivery,"Av. Georges Henri 187, 1200 Woluwe-Saint-Lambert, Belgium","RCV9+W6 Woluwe-Saint-Lambert, Belgium",https://www.localservices.be/produit/chez-fernand-friterie/,,Closed today,https://lh5.googleusercontent.com/p/AF1QipM0DrkAT99v0v3li8Fuafp09sg2-uRUBBBmtvfe=w408-h306-k-no,true,50.8448125,4.418062500000005,"https://www.google.com/maps/search/frituur/@50.8639564,4.2922419,12.26z?entry=ttu",2023-06-19T14:52:53.990Z,Closed,Closed,"11:30 AM–2 PM, 5–10 PM","11:30 AM–2 PM, 5–10 PM","11:30 AM–2 PM, 5–10 PM","12–3 PM, 5–10 PM","12–3 PM, 5–10 PM",
https://www.google.com/maps/place/Friterie+Kessner/data=!4m7!3m6!1s0x47c3c3cc05a1421d:0x22aa0404656db038!8m2!3d50.8857167!4d4.3326263!16s%2Fg%2F11cp6hc0m_!19sChIJHUKhBczDw0cROLBtZQQEqiI,Friterie Kessner,4.0,64,Frituur,,"Av. Ernest Masoin, 1020 Jette, Belgium","V8PM+73 Jette, Belgium",,,Open now,https://lh5.googleusercontent.com/p/AF1QipOMtbWhJXGiO8kKyDvKok667f21v2VRD7vcdkN0=w408-h306-k-no,false,50.8856875,4.332687500000006,"https://www.google.com/maps/search/frituur/@50.8639564,4.2922419,12.26z?entry=ttu",2023-06-19T14:52:58.319Z,11:30 AM–8 PM,11:30 AM–8 PM,11:30 AM–8 PM,11:30 AM–8 PM,11:30 AM–8 PM,Closed,Closed,
https://www.google.com/maps/place/Friterie+55/data=!4m7!3m6!1s0x47c3c33aaa1c87cf:0x5102a5f456b90f11!8m2!3d50.8770955!4d4.4006671!16s%2Fg%2F1tdqywz4!19sChIJz4ccqjrDw0cREQ-5VvSlAlE,Friterie 55,4.0,132,Frituur,· Dine-in · Takeaway,"Pl. de la Paix 7, 1140 Evere, Belgium","VCG2+R7 Evere, Belgium",,+32 2 242 40 48,Open now,https://lh5.googleusercontent.com/p/AF1QipM6hYfyokeZJPKz5wPkf4P8OcFuEGS28sL02bMW=w408-h306-k-no,false,50.87706250000001,4.400687500000018,"https://www.google.com/maps/search/frituur/@50.8639564,4.2922419,12.26z?entry=ttu",2023-06-19T14:53:02.345Z,11:30 AM–11 PM,11:30 AM–11 PM,11:30 AM–11 PM,11:30 AM–11 PM,11:30 AM–11 PM,11:30 AM–11 PM,11:30 AM–11 PM,
https://www.google.com/maps/place/Snack+Galaxy/data=!4m7!3m6!1s0x47c3c358f8bbd3f3:0xb5b8de3dcb276446!8m2!3d50.8578907!4d4.3173627!16s%2Fg%2F11j4vlzct7!19sChIJ89O7-FjDw0cRRmQnyz3euLU,Snack Galaxy,3.7,20,Frituur,,"Chau. de Gand 416, 1080 Molenbeek-Saint-Jean, Belgium","V858+5W Sint-Jans-Molenbeek, Belgium",,+32 479 08 55 03,,https://lh5.googleusercontent.com/p/AF1QipM4wt2OLf8FxPUUfnzur4mXHurfAZwgjE7gK8-d=w408-h305-k-no,false,50.85793749999998,4.3173125,"https://www.google.com/maps/search/frituur/@50.8639564,4.2922419,12.26z?entry=ttu",2023-06-19T14:53:06.278Z,,,,,,,,
https://www.google.com/maps/place/Patatak+Sint-Gillis/data=!4m7!3m6!1s0x47c3c531a1e18edd:0x3532a3fc97a0f499!8m2!3d50.8303228!4d4.3452972!16s%2Fg%2F11h1yv7_zw!19sChIJ3Y7hoTHFw0cRmfSgl_yjMjU,Patatak Sint-Gillis,4.2,568,Frituur,· Dine-in · Takeaway · Delivery,"Parv. de Saint-Gilles 31, 1060 Saint-Gilles, Belgium","R8JW+44 Saint-Gilles, Belgium",https://patatak.be/,,Closed today,https://lh5.googleusercontent.com/p/AF1QipPY8kFnyQV3ylL6su65OW9jLTXnqAo8sKcxbNNu=w408-h306-k-no,true,50.830312500000005,4.3453124999999915,"https://www.google.com/maps/search/frituur/@50.8639564,4.2922419,12.26z?entry=ttu",2023-06-19T14:53:10.174Z,Closed,12–10 PM,12–10 PM,12–10 PM,12–10 PM,12–10 PM,12–10 PM,
https://www.google.com/maps/place/Fritkot+Chouke/data=!4m7!3m6!1s0x47c3c4f354bf5d3d:0xf425a6997f50fe6!8m2!3d50.8502799!4d4.3472619!16s%2Fg%2F11fp1sy46j!19sChIJPV2_VPPEw0cR5g_1l2laQg8,Fritkot Chouke,4.5,360,Frituur,· Dine-in · Takeaway,"Rue du Vieux Marché aux Grains 2, 1000 Bruxelles, Belgium","V82W+4W Brussels, Belgium",,,Open now,https://lh5.googleusercontent.com/p/AF1QipNhaxXxTNpIh0sC0_XUeiT_smNt4dq156EA96gz=w408-h544-k-no,true,50.85031249999999,4.347312500000001,"https://www.google.com/maps/search/frituur/@50.8639564,4.2922419,12.26z?entry=ttu",2023-06-19T14:53:14.681Z,12–11 PM,5–11 PM,12–11 PM,12–11 PM,12–11 PM,12–11 PM,12–11 PM,
https://www.google.com/maps/place/%27%27t+Frietje%27/data=!4m7!3m6!1s0x47c3c6d6f9fd99bf:0xd674f7f8c74d002a!8m2!3d50.8440325!4d4.2616269!16s%2Fg%2F11cm71cwj0!19sChIJv5n9-dbGw0cRKgBNx_j3dNY,'t Frietje,4.4,118,Fast food restaurant,· Dine-in · Takeaway · Delivery,"Oudesmidsestraat 18, 1700 Dilbeek, Belgium","R7V6+JM Dilbeek, Belgium",https://www.facebook.com/tFrietje,+32 2 582 72 59,Closed today,https://lh5.googleusercontent.com/p/AF1QipOE7t4nGxTMvJVgRsnBqcNEaW-soVL8ixr1AaXj=w408-h544-k-no,false,50.84406249999999,4.261687499999979,"https://www.google.com/maps/search/frituur/@50.8639564,4.2922419,12.26z?entry=ttu",2023-06-19T14:53:18.815Z,Closed,"11:30 AM–2 PM, 5–9 PM","11:30 AM–2 PM, 5–10 PM","11:30 AM–2 PM, 5–10 PM","11:30 AM–2 PM, 4:30–11 PM",5–10 PM,Closed,
https://www.google.com/maps/place/Friterie+Dailly/data=!4m7!3m6!1s0x47c3c3ac99debebd:0xb38af9cbfdb41f2a!8m2!3d50.8529456!4d4.3883116!16s%2Fg%2F11gmcxpvc3!19sChIJvb7emazDw0cRKh-0_cv5irM,Friterie Dailly,4.1,135,Frituur,· Dine-in · Takeaway · Delivery,"Av. Chazal 1B, 1030 Bruxelles, Belgium","V93Q+58 Schaerbeek, Belgium",,+32 460 96 68 23,Open now,https://lh5.googleusercontent.com/p/AF1QipPul8cyCyAai9NK3lzOkBJChkL5Dtcc4ojk0fWn=w426-h240-k-no,true,50.85293749999998,4.388312499999998,"https://www.google.com/maps/search/frituur/@50.8639564,4.2922419,12.26z?entry=ttu",2023-06-19T14:53:22.696Z,11:30 AM–11:30 PM,11:30 AM–11:30 PM,11:30 AM–11:30 PM,11:30 AM–11:30 PM,11:30 AM–2 AM,11:30 AM–11 PM,11:30 AM–11:30 PM,
https://www.google.com/maps/place/Friture+de+la+Chapelle/data=!4m7!3m6!1s0x47c3c47c0b613eb1:0x8eff83e16d8f71a7!8m2!3d50.8415776!4d4.3516918!16s%2Fg%2F11bx2m46pr!19sChIJsT5hC3zEw0cRp3GPbeGD_44,Friture de la Chapelle,4.2,419,Frituur,,"Rue Haute 25, 1000 Bruxelles, Belgium","R9R2+JM Brussels, Belgium",,+32 473 79 17 73,Closed today,https://lh5.googleusercontent.com/p/AF1QipOae2ygcfaVGpmkd-ehbPa-tm8Hsk_8DX9EXYZF=w408-h306-k-no,true,50.841562499999995,4.351687499999983,"https://www.google.com/maps/search/frituur/@50.8639564,4.2922419,12.26z?entry=ttu",2023-06-19T14:53:26.837Z,Closed,11 AM–10 PM,11 AM–10 PM,11 AM–10 PM,11 AM–10 PM,11 AM–10 PM,11 AM–8 PM,
https://www.google.com/maps/place/Frituur+4+You/data=!4m7!3m6!1s0x47c3dd52289b2017:0xdd12a3a8ed205ea6!8m2!3d50.9201636!4d4.4260811!16s%2Fg%2F11ghfqg0ft!19sChIJFyCbKFLdw0cRpl4g7aijEt0,Frituur 4 You,3.9,41,Fast food restaurant,· Dine-in · Takeaway,"1800 Vilvoorde, Belgium","WCCG+3C Vilvoorde, Belgium",,+32 491 87 84 38,Closed,https://lh5.googleusercontent.com/p/AF1QipMoSjaCFTAMZn-7EFdR9B0G8-z79pxn2pH_jfZm=w408-h544-k-no,false,50.92018750000001,4.426062500000015,"https://www.google.com/maps/search/frituur/@50.8639564,4.2922419,12.26z?entry=ttu",2023-06-19T14:53:31.101Z,"11:30 AM–1:30 PM, 5–10 PM","11:30 AM–1:30 PM, 5–10 PM","11:30 AM–1:30 PM, 5–10 PM","11:30 AM–1:30 PM, 5–10 PM","11:30 AM–1:30 PM, 5–10 PM",Closed,5–10 PM,
https://www.google.com/maps/place/Tommo+Snack/data=!4m7!3m6!1s0x47c3c1445f39e771:0x3a64e058581aeb46!8m2!3d50.8641717!4d4.2953526!16s%2Fg%2F11cmr_j808!19sChIJcec5X0TBw0cRRusaWFjgZDo,Tommo Snack,3.7,119,Frituur,· Dine-in · Takeaway · Delivery,"Rue de l'Eglise 19, 1082 Berchem-Sainte-Agathe, Belgium","V77W+M4 Sint-Agatha-Berchem, Belgium",,+32 499 13 28 30,Open now,https://lh5.googleusercontent.com/p/AF1QipM1nOL3dZq70wEPstlU-n3ioPyObWGFBH_2h1HZ=w426-h240-k-no,false,50.86418749999997,4.29531249999998,"https://www.google.com/maps/search/frituur/@50.8639564,4.2922419,12.26z?entry=ttu",2023-06-19T14:53:35.287Z,11:30 AM–11 PM,11:30 AM–11 PM,11:30 AM–11 PM,11:30 AM–11 PM,11:30 AM–11 PM,11:30 AM–11 PM,12:30–11 PM,
https://www.google.com/maps/place/De+Friet+van+Vorst/data=!4m7!3m6!1s0x47c3c534cc42882f:0xabb00631d280b4d6!8m2!3d50.8122121!4d4.3191058!16s%2Fg%2F11g0mxr_98!19sChIJL4hCzDTFw0cR1rSA0jEGsKs,De Friet van Vorst,4.5,270,Frituur,· Dine-in · Takeaway · Delivery,"Rue Saint-Denis 7, 1190 Bruxelles, Belgium","R869+VJ Forest, Belgium",,+32 485 43 26 72,Closed today,https://lh5.googleusercontent.com/p/AF1QipNj-ZlN3wIlAIw7BfXHriroVib3lwqnzwvjXIod=w426-h240-k-no,true,50.81218750000001,4.319062500000015,"https://www.google.com/maps/search/frituur/@50.8639564,4.2922419,12.26z?entry=ttu",2023-06-19T14:53:39.599Z,Closed,11:30 AM–11 PM,11:30 AM–11 PM,11:30 AM–11 PM,11:30 AM–11 PM,11:30 AM–11 PM,11:30 AM–11 PM,
https://www.google.com/maps/place/Friterie+J.+Vandervaeren/data=!4m7!3m6!1s0x47c3c3404c4b99cb:0xd2d1d9f8d78387de!8m2!3d50.8915488!4d4.3450511!16s%2Fg%2F11sb52vkh_!19sChIJy5lLTEDDw0cR3oeD1_jZ0dI,Friterie J. Vandervaeren,3.8,6,Frituur,· Dine-in · Takeaway,"Bd du Centenaire 615, 1020 Bruxelles, Belgium","V8RW+J2 Brussels, Belgium",,,Open now,https://lh5.googleusercontent.com/p/AF1QipPOIYFJ6ArzVkFTnEjUGGFiN5YQRr38sT6wmbeA=w426-h240-k-no,false,50.89156249999998,4.345062499999997,"https://www.google.com/maps/search/frituur/@50.8639564,4.2922419,12.26z?entry=ttu",2023-06-19T14:53:43.472Z,11 AM–8 PM,11 AM–8 PM,11 AM–8 PM,11 AM–8 PM,11 AM–8 PM,12–8 PM,12–8 PM,
https://www.google.com/maps/place/Friterie+Anderlechtoise/data=!4m7!3m6!1s0x47c3c474edfe7429:0x4d560e028e12538e!8m2!3d50.8449684!4d4.3353615!16s%2Fg%2F11f5tzb_c6!19sChIJKXT-7XTEw0cRjlMSjgIOVk0,Friterie Anderlechtoise,,,Restaurant,· Dine-in · Takeaway,"Rue Haberman 28, 1070 Anderlecht, Belgium","R8VP+X4 Anderlecht, Belgium",,,,https://streetviewpixels-pa.googleapis.com/v1/thumbnail?panoid=olafC14qoNdF-7kt40NOzA&cb_client=search.gws-prod.gps&w=408&h=240&yaw=211.94997&pitch=0&thumbfov=100,false,50.8449375,4.335312500000001,"https://www.google.com/maps/search/frituur/@50.8639564,4.2922419,12.26z?entry=ttu",2023-06-19T14:53:47.450Z,,,,,,,,
https://www.google.com/maps/place/Friteria+Friti+Bel+Snack/data=!4m7!3m6!1s0x47c3c69bd55ae201:0x5a48ea47fb24c61f!8m2!3d50.8239558!4d4.2955032!16s%2Fg%2F11g07xzds7!19sChIJAeJa1ZvGw0cRH8Yk-0fqSFo,Friteria Friti Bel Snack,4.2,91,Frituur,· Dine-in · Takeaway · Delivery,"Bergensesteenweg 1079, 1070 Anderlecht, Belgium","R7FW+H6 Anderlecht, Belgium",,+32 2 303 83 41,Open now,https://lh5.googleusercontent.com/p/AF1QipM1lKuvKDa4Wp9uCeqsa908ZdHuoJiGfEXG-fx1=w426-h240-k-no,true,50.823937500000014,4.295562499999974,"https://www.google.com/maps/search/frituur/@50.8639564,4.2922419,12.26z?entry=ttu",2023-06-19T14:53:51.596Z,11:30 AM–11 PM,11:30 AM–11 PM,Closed,11:30 AM–11 PM,11:30 AM–11 PM,11:30 AM–11 PM,2–11 PM,
https://www.google.com/maps/place/Friterie+de+la+Barri%C3%A8re/data=!4m7!3m6!1s0x47c3c45d4ce59707:0x569dbee6df604c91!8m2!3d50.8265952!4d4.3429473!16s%2Fg%2F119w6x4by!19sChIJB5flTF3Ew0cRkUxg3-a-nVY,Friterie de la Barrière,4.2,1063,Frituur,,"Av. du Parc 5, 1060 Saint-Gilles, Belgium","R8GV+J5 Saint-Gilles, Belgium",http://www.friteriedelabarriere.be/,+32 2 537 57 70,Open now,https://lh5.googleusercontent.com/p/AF1QipOtXtTrwgp-7jvBjWqIEnQSnb7LnfYKbZTz6t5x=w426-h240-k-no,true,50.82656250000001,4.342937499999991,"https://www.google.com/maps/search/frituur/@50.8639564,4.2922419,12.26z?entry=ttu",2023-06-19T14:53:55.941Z,12 PM–1 AM,12 PM–1 AM,12 PM–1 AM,12 PM–1 AM,12 PM–1 AM,12 PM–1 AM,12 PM–1 AM,
https://www.google.com/maps/place/Frite+d%27Or/data=!4m7!3m6!1s0x47c3c250aa37da97:0xa81be181f72d79fe!8m2!3d50.8996732!4d4.3600514!16s%2Fg%2F11g86y525j!19sChIJl9o3qlDCw0cR_nkt94HhG6g,Frite d'Or,4.2,360,Frituur,· Dine-in · Takeaway · Delivery,"Rue de Wand 114, 1020 Bruxelles, Belgium","V9X6+V2 Brussels, Belgium",https://www.heures.be/frite-dor/bruxelles/1,+32 484 02 57 74,Open now,https://lh5.googleusercontent.com/p/AF1QipP0_pAKR_sHoROcMl2RUcriOptPqIUKUklw7ZlN=w408-h306-k-no,false,50.89968750000001,4.360062499999984,"https://www.google.com/maps/search/frituur/@50.8639564,4.2922419,12.26z?entry=ttu",2023-06-19T14:54:00.311Z,11 AM–11 PM,11 AM–11 PM,11 AM–11 PM,11 AM–11 PM,11 AM–12 AM,11 AM–12 AM,11 AM–11 PM,
https://www.google.com/maps/place/Constant+Fries+Shop/data=!4m7!3m6!1s0x47c3dd2746997efb:0xb46b14a5257e4ec3!8m2!3d50.8626605!4d4.4160174!16s%2Fg%2F11j1h16tl8!19sChIJ-36ZRifdw0cRw05-JaUUa7Q,Constant Fries Shop,4.7,9,Frituur,· Dine-in · Takeaway,"Rue de Zaventem 12023, 1140 Evere, Belgium","VC78+3C Evere, Belgium",,,Open now,https://streetviewpixels-pa.googleapis.com/v1/thumbnail?panoid=NMGUHV1WjATZ2Wu8ReWmOg&cb_client=search.gws-prod.gps&w=408&h=240&yaw=221.26286&pitch=0&thumbfov=100,false,50.86268749999998,4.416062499999995,"https://www.google.com/maps/search/frituur/@50.8639564,4.2922419,12.26z?entry=ttu",2023-06-19T14:54:03.997Z,12–9 PM,12–9 PM,12–9 PM,12–9 PM,12–9 PM,Closed,Closed,
https://www.google.com/maps/place/Pitta+Snack+Loni+II+Friterie/data=!4m7!3m6!1s0x47c3c3e84445450f:0xc6ccff6712d4b432!8m2!3d50.8680041!4d4.3262953!16s%2Fg%2F11g07xybm9!19sChIJD0VFROjDw0cRMrTUEmf_zMY,Pitta Snack Loni II Friterie,5.0,4,Frituur,,"Av. de Jette 93, 1090 Jette, Belgium","V89G+6G Jette, Belgium",,+32 484 85 06 99,Open now,https://lh5.googleusercontent.com/p/AF1QipPWreV_yCt9zVNRXai63-3-AY_OXQqHtiuyv_ch=w408-h378-k-no,false,50.86806249999999,4.326312500000014,"https://www.google.com/maps/search/frituur/@50.8639564,4.2922419,12.26z?entry=ttu",2023-06-19T14:54:08.296Z,11 AM–11 PM,11 AM–11 PM,11 AM–11 PM,11 AM–11 PM,11 AM–11 PM,11 AM–11 PM,11 AM–11 PM,
https://www.google.com/maps/place/Snack+%26+resto/data=!4m7!3m6!1s0x47c3c550e667c4a5:0x6d45676522cbc87c!8m2!3d50.8438438!4d4.3284822!16s%2Fg%2F11j84v9vl3!19sChIJpcRn5lDFw0cRfMjLImVnRW0,Snack & resto,5.0,10,Frituur,· Dine-in · Takeaway,"Rue Heyvaert 158, 1070 Anderlecht, Belgium","R8VH+G9 Anderlecht, Belgium",,,Open now,https://lh5.googleusercontent.com/p/AF1QipMLK5rQUyyZa9blcTjeQW9BXrcZWpmM0ug0MYXW=w426-h240-k-no,false,50.8438125,4.328437500000021,"https://www.google.com/maps/search/frituur/@50.8639564,4.2922419,12.26z?entry=ttu",2023-06-19T14:54:12.060Z,11 AM–8 PM,11 AM–8 PM,11 AM–8 PM,11 AM–8 PM,11 AM–8 PM,11 AM–8 PM,11 AM–8 PM,
https://www.google.com/maps/place/La+Frite+Dor%C3%A9e/data=!4m7!3m6!1s0x47c3db3410bae5a1:0x536a122438eee567!8m2!3d50.8206683!4d4.4098537!16s%2Fg%2F11dx8k0s1h!19sChIJoeW6EDTbw0cRZ-XuOCQSalM,La Frite Dorée,4.3,1040,Frituur,· Dine-in · Takeaway · Delivery,"Waversesteenweg 1268, 1160 Oudergem, Belgium","RCC5+7W Auderghem, Belgium",http://fritedoreeauderghem.be/fr,+32 2 660 49 78,Open now,https://lh5.googleusercontent.com/p/AF1QipOCZdk8VFumhEAgrA1CGio9kyW9UvO2Rr8Jmi-J=w408-h306-k-no,true,50.820687500000034,4.409812500000001,"https://www.google.com/maps/search/frituur/@50.8639564,4.2922419,12.26z?entry=ttu",2023-06-19T14:54:17.224Z,11:30 AM–11 PM,11:30 AM–11 PM,11:30 AM–11 PM,11:30 AM–11 PM,11:30 AM–11 PM,11:30 AM–11 PM,12–11 PM,
https://www.google.com/maps/place/Frit+Flagey/data=!4m7!3m6!1s0x47c3c4930dee375f:0x24d07daa0595f6d7!8m2!3d50.8283502!4d4.3723973!16s%2Fg%2F11b5z2v09k!19sChIJXzfuDZPEw0cR1_aVBap90CQ,Frit Flagey,4.3,1695,Frituur,· Dine-in · Takeaway · Delivery,"Pl. Eugène Flagey, 1050 Ixelles, Belgium","R9HC+8X Ixelles, Belgium",,,Closed today,https://lh5.googleusercontent.com/p/AF1QipOq9EUWB_NEEd7IxexWDEZzcqpPgf7AO49dC_bn=w426-h240-k-no,false,50.828312500000024,4.372437500000004,"https://www.google.com/maps/search/frituur/@50.8639564,4.2922419,12.26z?entry=ttu",2023-06-19T14:54:21.503Z,Closed,11:30 AM–12 AM,11:30 AM–12 AM,11:30 AM–12 AM,11:30 AM–2 AM,11:30 AM–2 AM,11:30 AM–12 AM,
https://www.google.com/maps/place/Snack+Loni/data=!4m7!3m6!1s0x47c3c44cdf1a8269:0x2813024792855915!8m2!3d50.8079249!4d4.336635!16s%2Fg%2F11bzx3d7_v!19sChIJaYIa30zEw0cRFVmFkkcCEyg,Snack Loni,4.4,153,Frituur,· Dine-in · Takeaway · Delivery,"Rue Joseph Bens 1, 1180 Bruxelles, Belgium","R85P+5M Uccle, Belgium",,+32 485 23 35 69,Open now,https://lh5.googleusercontent.com/p/AF1QipPAc5gv0mAER_Q1d4SOVFmTj2MZkQvKZvWQl6UO=w408-h306-k-no,true,50.807937499999994,4.3366874999999965,"https://www.google.com/maps/search/frituur/@50.8639564,4.2922419,12.26z?entry=ttu",2023-06-19T14:54:25.955Z,11:35 AM–10 PM,11:35 AM–10 PM,11:35 AM–10 PM,11:35 AM–10 PM,11:35 AM–10 PM,11:35 AM–10 PM,11:35 AM–10 PM,
https://www.google.com/maps/place/Snack-Grill/data=!4m7!3m6!1s0x47c3c59850e42dc3:0x5e6f2817c6596033!8m2!3d50.8280732!4d4.3713767!16s%2Fg%2F11j8myzf1_!19sChIJwy3kUJjFw0cRM2BZxhcob14,Snack-Grill,4.2,5,Frituur,,"N247 324, 1050 Ixelles, Belgium","R9HC+6H Ixelles, Belgium",,,,https://streetviewpixels-pa.googleapis.com/v1/thumbnail?panoid=FwZS6G9ggNu7lvQhQc1stg&cb_client=search.gws-prod.gps&w=408&h=240&yaw=43.445396&pitch=0&thumbfov=100,false,50.8280625,4.371437499999999,"https://www.google.com/maps/search/frituur/@50.8639564,4.2922419,12.26z?entry=ttu",2023-06-19T14:54:30.040Z,,,,,,,,
https://www.google.com/maps/place/La+Friterie+Red/data=!4m7!3m6!1s0x47c3c7fef0eaa149:0xeee05725eb1e61ac!8m2!3d50.8212276!4d4.2932301!16s%2Fg%2F11tdghybpx!19sChIJSaHq8P7Hw0cRrGEe6yVX4O4,La Friterie Red,4.1,14,Frituur,· Dine-in · Takeaway,"Rue Alexandre Pierrard 1, 1070 Anderlecht, Belgium","R7CV+F7 Anderlecht, Belgium",https://www.lafriteriered.be/,,Closed,https://streetviewpixels-pa.googleapis.com/v1/thumbnail?panoid=IG_eP_rfivUwDkO5i5JS7Q&cb_client=search.gws-prod.gps&w=408&h=240&yaw=192.30482&pitch=0&thumbfov=100,false,50.82118750000002,4.293187500000002,"https://www.google.com/maps/search/frituur/@50.8639564,4.2922419,12.26z?entry=ttu",2023-06-19T14:54:34.915Z,"11:30 AM–2:30 PM, 5:30–10 PM","11:30 AM–2:30 PM, 5:30–10 PM","11:30 AM–2:30 PM, 5:30–10 PM","11:30 AM–2:30 PM, 5:30–10 PM","11:30 AM–2:30 PM, 5:30–10 PM",5–10 PM,Closed,
https://www.google.com/maps/place/Friterie+Michel/data=!4m7!3m6!1s0x47c3c4bd5556e283:0xf72e4c56ff60238c!8m2!3d50.8363756!4d4.3818373!16s%2Fg%2F11bx8rg58n!19sChIJg-JWVb3Ew0cRjCNg_1ZMLvc,Friterie Michel,4.5,188,Fast food restaurant,· Dine-in · Takeaway · Delivery,"Chau. Saint-Pierre 5, 1040 Etterbeek, Belgium","R9PJ+HP Etterbeek, Belgium",,+32 2 648 81 36,Closed today,https://lh5.googleusercontent.com/p/AF1QipPWWWJo2Qtp711_jGM5r02YwgnLh6ZPjPoTIbch=w408-h306-k-no,false,50.8364375,4.381812499999981,"https://www.google.com/maps/search/frituur/@50.8639564,4.2922419,12.26z?entry=ttu",2023-06-19T14:54:39.953Z,Closed,12–11 PM,12–11 PM,12–11 PM,12–11 PM,12–11 PM,12–11 PM,
https://www.google.com/maps/place/%C3%96z+Tetik/data=!4m7!3m6!1s0x47c3c364c236f96b:0xad70a58db924310e!8m2!3d50.854055!4d4.3734988!16s%2Fg%2F11cnbqvvhc!19sChIJa_k2wmTDw0cRDjEkuY2lcK0,Öz Tetik,4.4,892,Frituur,· Dine-in · Takeaway · Delivery,"Pl. François Bossuet 6, 1210 Bruxelles, Belgium","V93F+J9 Brussels, Belgium",,+32 488 91 29 64,Open now,https://lh5.googleusercontent.com/p/AF1QipNf6ZwEL7W0ok29FDDgDqVdhbzl1s8VaGlK1DBA=w408-h306-k-no,true,50.85406249999998,4.3734375000000085,"https://www.google.com/maps/search/frituur/@50.8639564,4.2922419,12.26z?entry=ttu",2023-06-19T14:54:44.684Z,12 PM–12 AM,Closed,12 PM–12 AM,12 PM–12 AM,12 PM–12 AM,2 PM–12 AM,2 PM–12 AM,
https://www.google.com/maps/place/Snack+Dekan/data=!4m7!3m6!1s0x47c3c3cf7d02a179:0xb73fc450ab38b2a5!8m2!3d50.8801182!4d4.3298575!16s%2Fg%2F11d_d0qy52!19sChIJeaECfc_Dw0cRpbI4q1DEP7c,Snack Dekan,3.7,336,Frituur,· Dine-in · Takeaway · Delivery,"Pl. Cardinal Mercier 41, 1090 Jette, Belgium","V8JH+2W Jette, Belgium",,,,https://lh5.googleusercontent.com/p/AF1QipPPd7plqjbLf3ZrlSVbRuVxxLIiK9qKuldaWuEY=w408-h544-k-no,true,50.880062499999994,4.329812500000017,"https://www.google.com/maps/search/frituur/@50.8639564,4.2922419,12.26z?entry=ttu",2023-06-19T14:54:48.636Z,,,,,,,,
https://www.google.com/maps/place/Le+1050/data=!4m7!3m6!1s0x47c3c4930a7ffe83:0x4e8410b781e37acd!8m2!3d50.8289303!4d4.3726353!16s%2Fg%2F1tdd8_zd!19sChIJg_5_CpPEw0cRzXrjgbcQhE4,Le 1050,4.3,373,Frituur,· Dine-in · Takeaway · Delivery,"Rue Maria Malibran 9, 1050 Ixelles, Belgium","R9HF+H3 Ixelles, Belgium",,+32 486 05 20 27,Open now,https://lh5.googleusercontent.com/p/AF1QipPhna5zwSY4NWrbT-oKvEicsXphkxZQpKzV7dzi=w408-h306-k-no,true,50.82893750000001,4.372687499999998,"https://www.google.com/maps/search/frituur/@50.8639564,4.2922419,12.26z?entry=ttu",2023-06-19T14:54:53.334Z,11:30 AM–1 AM,11:30 AM–1 AM,11:30 AM–1 AM,11:30 AM–1 AM,11:30 AM–1 AM,11:30 AM–1 AM,11:30 AM–1 AM,
https://www.google.com/maps/place/Master+Frites/data=!4m7!3m6!1s0x47c3c35a9cebc0b3:0x830dd35631dda676!8m2!3d50.854767!4d4.396997!16s%2Fg%2F1tp_5k2b!19sChIJs8DrnFrDw0cRdqbdMVbTDYM,Master Frites,4.6,1072,Frituur,· Dine-in · Takeaway · Delivery,"Chau. de Louvain 503, 1030 Schaerbeek, Belgium","V93W+WQ Schaerbeek, Belgium",http://www.masterfrites.be/,+32 2 734 80 91,Open now,https://lh5.googleusercontent.com/p/AF1QipO6Om6s7VF16MPVyPPm2EVu5e-9ZFEqqJXXO0Jx=w408-h543-k-no,true,50.854812499999994,4.396937499999993,"https://www.google.com/maps/search/frituur/@50.8639564,4.2922419,12.26z?entry=ttu",2023-06-19T14:54:57.849Z,11:30 AM–11 PM,11:30 AM–11 PM,11:30 AM–11 PM,11:30 AM–11 PM,11:30 AM–11 PM,11:30 AM–11 PM,11:30 AM–11 PM,
https://www.google.com/maps/place/Chez+Emir+Usta/data=!4m7!3m6!1s0x47c3c34b42ecf82b:0x6f4c2e0bccd2296a!8m2!3d50.8518175!4d4.3850787!16s%2Fg%2F11h4qb_496!19sChIJK_jsQkvDw0cRainSzAsuTG8,Chez Emir Usta,4.4,12,Frituur,,"Chau. de Louvain 289, 1030 Schaerbeek, Belgium","V92P+P2 Schaerbeek, Belgium",,+32 466 26 87 28,Open now,https://lh5.googleusercontent.com/p/AF1QipN5k37Q_YKsVdHLz7tnYBzYvePLZhu7OTz3hSaE=w408-h306-k-no,false,50.85181249999998,4.385062499999989,"https://www.google.com/maps/search/frituur/@50.8639564,4.2922419,12.26z?entry=ttu",2023-06-19T14:55:02.288Z,11:30 AM–4 AM,11:30 AM–4 AM,11:30 AM–4 AM,11:30 AM–4 AM,11:30 AM–4:15 AM,11:30 AM–4:15 AM,11:30 AM–4 AM,
https://www.google.com/maps/place/Snack+Bockstael/data=!4m7!3m6!1s0x47c3c3bb1708cc71:0x87961f685f34e342!8m2!3d50.8759755!4d4.3486745!16s%2Fg%2F11cs2wm2ps!19sChIJccwIF7vDw0cRQuM0X2gfloc,Snack Bockstael,4.4,150,Frituur,· Dine-in · Takeaway · Delivery,"Boulevard Emile Bockstael 199, 1020 Bruxelles, Belgium","V8GX+9F Brussels, Belgium",https://www.takeaway.com/be/snack-bockstael,+32 485 18 80 74,Open now,https://lh5.googleusercontent.com/p/AF1QipNv5RqYVOl2daIEyjpeGJ3v8TtZ5XoVDib4Br9c=w408-h408-k-no,true,50.875937500000006,4.348687500000025,"https://www.google.com/maps/search/frituur/@50.8639564,4.2922419,12.26z?entry=ttu",2023-06-19T14:55:06.581Z,11:30 AM–12 AM,11:30 AM–12 AM,11:30 AM–12 AM,11:30 AM–12 AM,11:30 AM–1 AM,11:30 AM–1 AM,12 PM–12 AM,
https://www.google.com/maps/place/Friture+Ren%C3%A9/data=!4m7!3m6!1s0x47c3c41c43356f7d:0xcdc4b7621b67e746!8m2!3d50.8358061!4d4.311202!16s%2Fg%2F1tf80rt7!19sChIJfW81QxzEw0cRRudnG2K3xM0,Friture René,4.3,598,Belgian restaurant,"Cafe-restaurant serving Belgian cuisine, with checked tablecloths, a marble-topped bar & terrace. · Dine-in · Delivery","Pl. de la Résistance 14, 1070 Anderlecht, Belgium","R8P6+8F Anderlecht, Belgium",https://www.facebook.com/friturerene/?view_public_for=105492081243313,+32 2 523 28 76,Closed today,https://lh5.googleusercontent.com/p/AF1QipO2A9grrVjKLsPgn5L7nkbVG5g0SYd0gVChWS8W=w408-h408-k-no,true,50.83581250000002,4.311187500000003,"https://www.google.com/maps/search/frituur/@50.8639564,4.2922419,12.26z?entry=ttu",2023-06-19T14:55:11.069Z,Closed,Closed,"12–2 PM, 6–9:30 PM","12–2 PM, 6–9:30 PM","12–2 PM, 6–9:30 PM","12–2 PM, 6–9:30 PM","12–2 PM, 6–9:30 PM",
https://www.google.com/maps/place/Friterie+Tabora/data=!4m7!3m6!1s0x47c3c38756e3dec9:0x83c3b6952ecfea31!8m2!3d50.8481434!4d4.3517136!16s%2Fg%2F11g_7t4w_!19sChIJyd7jVofDw0cRMerPLpW2w4M,Friterie Tabora,4.2,2548,Frituur,"Fries & sauces are dished up in this popular, compact kitchen with a laid-back vibe. · Dine-in · Takeaway · Delivery","Rue de Tabora 2, 1000 Bruxelles, Belgium","R9X2+7M Brussels, Belgium",,+32 479 29 33 10,Open now,https://lh5.googleusercontent.com/p/AF1QipMw3RmxaNLWZuKD92qMJIB7lQCN50J5Da-FVdE2=w408-h544-k-no,true,50.84818750000004,4.351687499999983,"https://www.google.com/maps/search/frituur/@50.8639564,4.2922419,12.26z?entry=ttu",2023-06-19T14:55:15.449Z,9 AM–2 AM,9 AM–2 AM,9 AM–2 AM,9 AM–3 AM,9 AM–6 AM,9 AM–6 AM,9 AM–2 AM,
https://www.google.com/maps/place/Frituur+TABORA/data=!4m7!3m6!1s0x47c3c3848f1ca30b:0x5c0fca23683e4610!8m2!3d50.8563856!4d4.3528282!16s%2Fg%2F11c6qchy__!19sChIJC6Mcj4TDw0cREEY-aCPKD1w,Frituur TABORA,3.5,267,Fast food restaurant,· Dine-in · Takeaway,"Rue de Laeken 162, 1000 Bruxelles, Belgium","V943+H4 Brussels, Belgium",,+32 471 43 04 36,Open now,https://lh5.googleusercontent.com/p/AF1QipMNlkw2AVen_t7kbWpOw0HHOFOUzSL6W-Dybc8P=w426-h240-k-no,true,50.856437499999984,4.352812499999985,"https://www.google.com/maps/search/frituur/@50.8639564,4.2922419,12.26z?entry=ttu",2023-06-19T14:55:19.686Z,11 AM–6 AM,11 AM–6 AM,11 AM–6 AM,11 AM–9:55 PM,11 AM–6 AM,11 AM–6 AM,11 AM–6 AM,LGBTQ+ friendly
https://www.google.com/maps/place/Maison+Antoine/data=!4m7!3m6!1s0x47c3c49812b7ef07:0xb9dee794815195b4!8m2!3d50.8368324!4d4.3814748!16s%2Fg%2F1thd5vhw!19sChIJB--3EpjEw0cRtJVRgZTn3rk,Maison Antoine,4.0,5316,Frituur,"Hut established in 1948, serving classic Belgian fries with choice of sauces, plus burgers & snacks.","1040, Jourdanplein 1, 1040 Etterbeek, Belgium","R9PJ+PH Etterbeek, Belgium",http://www.maisonantoine.be/,,Open now,https://lh5.googleusercontent.com/p/AF1QipNVUNwa7I7WxM_EUAFFnnJmSrJJB8000nTyC3N2=w426-h240-k-no,true,50.83681249999999,4.38143749999999,"https://www.google.com/maps/search/frituur/@50.8639564,4.2922419,12.26z?entry=ttu",2023-06-19T14:55:24.412Z,11:30 AM–1 AM,11:30 AM–1 AM,11:30 AM–1 AM,11:30 AM–1 AM,11:30 AM–1 AM,11:30 AM–1 AM,11:30 AM–1 AM,
https://www.google.com/maps/place/Chez+Ren%C3%A9/data=!4m7!3m6!1s0x47c3c34a515e85ed:0xadcd0ee9295ede62!8m2!3d50.8549007!4d4.3405234!16s%2Fg%2F11kpjgbhzx!19sChIJ7YVeUUrDw0cRYt5eKekOza0,Chez René,,,Frituur,,"Rue Sainte-Marie, 1080 Molenbeek-Saint-Jean, Belgium","V83R+X6 Sint-Jans-Molenbeek, Belgium",,,,https://streetviewpixels-pa.googleapis.com/v1/thumbnail?panoid=cWIAzOTwBEBGHKYjgeVlaw&cb_client=search.gws-prod.gps&w=408&h=240&yaw=45.01761&pitch=0&thumbfov=100,false,50.85493749999999,4.34056249999999,"https://www.google.com/maps/search/frituur/@50.8639564,4.2922419,12.26z?entry=ttu",2023-06-19T14:55:28.139Z,,,,,,,,
https://www.google.com/maps/place/Pitta+d%E2%80%99or+la+reine/data=!4m7!3m6!1s0x47c3c35514c33dc7:0xc9b2bd44684db734!8m2!3d50.8714494!4d4.3611951!16s%2Fg%2F11rjv6m4x5!19sChIJxz3DFFXDw0cRNLdNaES9ssk,Pitta d’or la reine,4.3,40,Frituur,· Dine-in · Takeaway · Delivery,"Av. de la Reine 233, 1000 Bruxelles, Belgium","V9C6+HF Brussels, Belgium",,+32 2 241 11 41,Open now,https://lh5.googleusercontent.com/p/AF1QipOTuVsCRpFCc4QYwozFFK-2iJk3-_XpjNbVPu25=w426-h240-k-no,true,50.8714375,4.361187499999986,"https://www.google.com/maps/search/frituur/@50.8639564,4.2922419,12.26z?entry=ttu",2023-06-19T14:55:32.254Z,11:30 AM–11 PM,11:30 AM–11 PM,11:30 AM–11 PM,11:30 AM–11 PM,11:30 AM–11 PM,11:30 AM–11 PM,11:30 AM–11 PM,
https://www.google.com/maps/place/De+Boerenschuur/data=!4m7!3m6!1s0x47c3be616d3414b5:0x90cd3a9d8139ee86!8m2!3d50.901216!4d4.1366458!16s%2Fg%2F1tf9mdv4!19sChIJtRQ0bWG-w0cRhu45gZ06zZA,De Boerenschuur,4.2,89,Frituur,· Dine-in · Kerbside pickup · Delivery,"Ternatsestraat 10, 1790 Affligem, Belgium","W42P+FM Affligem, Belgium",https://www.facebook.com/Deboerenschuur/?rf=135283219873272,+32 472 78 33 57,Closed today,https://lh5.googleusercontent.com/p/AF1QipMypx6Mwh29__9prIBO1b2q23ijhGW9xerMWZgW=w426-h240-k-no,false,50.901187500000006,4.136687499999979,"https://www.google.com/maps/search/frituur/@50.8639564,4.2922419,12.26z?entry=ttu",2023-06-19T14:55:36.202Z,Closed,Closed,5–10 PM,5–10 PM,5–10 PM,5–10 PM,5–9 PM,
https://www.google.com/maps/place/Frituur+Fritshop/data=!4m7!3m6!1s0x47c3b936f851c385:0x980f3a4031190ad2!8m2!3d50.8484503!4d4.1373019!16s%2Fg%2F11c6prx5xq!19sChIJhcNR-Da5w0cR0goZMUA6D5g,Frituur Fritshop,4.3,45,Frituur,,"Kerkplein 24, 1761 Roosdaal, Belgium","R4XP+9W Roosdaal, Belgium",,+32 489 99 36 34,Closed today,https://lh5.googleusercontent.com/p/AF1QipOsTO5OjsacTayGM6kLvZ57OKonnYhED62oSgO7=w408-h306-k-no,true,50.84843750000003,4.137312499999993,"https://www.google.com/maps/search/frituur/@50.8639564,4.2922419,12.26z?entry=ttu",2023-06-19T14:55:40.171Z,Closed,Closed,Closed,4:30–9 PM,4:30–9 PM,4:30–9:30 PM,4:30–9:30 PM,
https://www.google.com/maps/place/The+Wemmels/data=!4m7!3m6!1s0x47c3c15030479e51:0xe5a229561359c26c!8m2!3d50.9021283!4d4.3079462!16s%2Fg%2F11q_l2ymzl!19sChIJUZ5HMFDBw0cRbMJZE1YpouU,The Wemmels,4.0,77,Frituur,· Dine-in · Takeaway · Delivery,"Steenweg op Brussel 179, 1780 Wemmel, Belgium","W825+V5 Wemmel, Belgium",https://www.thewemmels.be/,+32 487 60 18 20,Open now,https://lh5.googleusercontent.com/p/AF1QipMr5f-s0kL1DTpQJG2fIoFz_p7qSFtlaI_4DACr=w408-h306-k-no,true,50.90218750000001,4.307937499999994,"https://www.google.com/maps/search/frituur/@50.8639564,4.2922419,12.26z?entry=ttu",2023-06-19T14:55:44.791Z,12 PM–12 AM,12 PM–12 AM,12 PM–12 AM,12 PM–12 AM,12 PM–12 AM,12 PM–12 AM,12 PM–12 AM,
https://www.google.com/maps/place/Frituur+%27t+Lof/data=!4m7!3m6!1s0x47c3b93660e12ebd:0xc8dc56344b496d0!8m2!3d50.8493869!4d4.137007!16s%2Fg%2F11bwzz4bq5!19sChIJvS7hYDa5w0cR0Ja0RGPFjQw,Frituur 't Lof,4.3,118,Frituur,· Dine-in · Takeaway · Delivery,"Kraanstraat 1, 1761 Roosdaal, Belgium","R4XP+QR Roosdaal, Belgium",https://nl-nl.facebook.com/frituurtlof/,+32 2 445 16 86,Closed today,https://lh5.googleusercontent.com/p/AF1QipPMnTmCLP7VUKiUV-LAeF04Lr14hGszStSRxpaf=w408-h544-k-no,true,50.849437500000036,4.137062499999999,"https://www.google.com/maps/search/frituur/@50.8639564,4.2922419,12.26z?entry=ttu",2023-06-19T14:55:49.098Z,Closed,Closed,5–9 PM,5–9 PM,4:30–9:30 PM,5–9 PM,5–9 PM,
https://www.google.com/maps/place/Chez+Francis/data=!4m7!3m6!1s0x47c3c3718915aefd:0x3866b3682923bc6f!8m2!3d50.8736185!4d4.3868964!16s%2Fg%2F11tghfcwhg!19sChIJ_a4ViXHDw0cRb7wjKWizZjg,Chez Francis,5.0,1,Frituur,,"Av. Huart Hamoir 222, 1030 Schaerbeek, Belgium","V9FP+CQ Schaerbeek, Belgium",,,,https://streetviewpixels-pa.googleapis.com/v1/thumbnail?panoid=joY-JvI3JRbqSyQdVYFDZw&cb_client=search.gws-prod.gps&w=408&h=240&yaw=3.785296&pitch=0&thumbfov=100,false,50.873562500000006,4.386937500000002,"https://www.google.com/maps/search/frituur/@50.8639564,4.2922419,12.26z?entry=ttu",2023-06-19T14:55:53.000Z,,,,,,,,
https://www.google.com/maps/place/Fritland/data=!4m7!3m6!1s0x47c3c47898770fe1:0xdb2692f2b293f1c3!8m2!3d50.8474174!4d4.3506551!16s%2Fg%2F1tdmzntr!19sChIJ4Q93mHjEw0cRw_GTsvKSJts,Fritland,4.0,8029,Frituur,"Fast food joint with outdoor seating, a street-facing service hatch & traditional Belgian fries. · Dine-in · Takeaway · Delivery","Rue Henri Maus 49, 1000 Bruxelles, Belgium","R9W2+X7 Brussels, Belgium",http://fritlandbrussels.be/acceuil,+32 2 514 06 27,Open now,https://lh5.googleusercontent.com/p/AF1QipOcq97gGAi5l3HthFr0XGUX1GgQeybdO0127abb=w408-h306-k-no,false,50.8474375,4.3506875000000065,"https://www.google.com/maps/search/frituur/@50.8639564,4.2922419,12.26z?entry=ttu",2023-06-19T14:55:57.693Z,11 AM–1 AM,11 AM–1 AM,11 AM–1 AM,11 AM–1 AM,11 AM–1 AM,11 AM–3 AM,11 AM–1 AM,
https://www.google.com/maps/place/Coin+Break/data=!4m7!3m6!1s0x47c3c4ca69707555:0xc26c899b0ffe1f6b!8m2!3d50.8241715!4d4.4006735!16s%2Fg%2F11c31qzcq4!19sChIJVXVwacrEw0cRax_-D5uJbMI,Coin Break,4.3,110,Frituur,· Dine-in · Takeaway,"Av. Charles Madoux 2, 1160 Auderghem, Belgium","RCF2+M7 Auderghem, Belgium",https://www.heures.be/coin-break/auderghem/1,+32 484 38 63 29,Open now,https://lh5.googleusercontent.com/p/AF1QipMWYI9n2bqBr721pfIgHfVay23ftxWE-rkXvJyA=w408-h306-k-no,false,50.82418750000001,4.400687500000018,"https://www.google.com/maps/search/frituur/@50.8639564,4.2922419,12.26z?entry=ttu",2023-06-19T14:56:01.741Z,11 AM–10 PM,11 AM–10 PM,11 AM–10 PM,11 AM–10 PM,11 AM–10 PM,11 AM–10 PM,11 AM–10 PM,
https://www.google.com/maps/place/Friture+Mamy/data=!4m7!3m6!1s0x47c3db3aea8df9bd:0x1d9e7301f23659bc!8m2!3d50.8155938!4d4.4179012!16s%2Fg%2F11cjklhrwm!19sChIJvfmN6jrbw0cRvFk28gFznh0,Friture Mamy,4.0,248,Frituur,,"Chau. de Watermael 98, 1160 Auderghem, Belgium","RC89+65 Auderghem, Belgium",,,Closed,https://lh5.googleusercontent.com/p/AF1QipMGJj2qTebBHN1V1MZqVKzn6KcSZAH81hCsTkL8=w408-h306-k-no,false,50.815562499999984,4.417937500000008,"https://www.google.com/maps/search/frituur/@50.8639564,4.2922419,12.26z?entry=ttu",2023-06-19T14:56:06.023Z,"11:30 AM–2 PM, 5–9 PM","11:30 AM–2 PM, 5–9 PM","11:30 AM–2 PM, 5–9 PM","11:30 AM–2 PM, 5–9 PM","11:30 AM–2 PM, 5–9 PM","11:30 AM–2 PM, 5–9 PM",5–9 PM,
https://www.google.com/maps/place/Friterie+Chez+Eug%C3%A8ne/data=!4m7!3m6!1s0x47c3c5183c7e7025:0xd889e4adfdd9b806!8m2!3d50.7958677!4d4.3735579!16s%2Fg%2F11c0xp02_h!19sChIJJXB-PBjFw0cRBrjZ_a3kidg,Friterie Chez Eugène,4.4,143,Frituur,· Dine-in · Takeaway · Delivery,"Av. du Prince de Ligne 1, 1180 Uccle, Belgium","Q9WF+8C Uccle, Belgium",https://friterie-chez-eugene.business.site/?utm_source=gmb&utm_medium=referral,,Open now,https://lh5.googleusercontent.com/p/AF1QipMqbRpRey339-sX8zZyuRR2i7APfRC0rIPMp6C6=w408-h262-k-no,true,50.7958125,4.373562500000006,"https://www.google.com/maps/search/frituur/@50.8639564,4.2922419,12.26z?entry=ttu",2023-06-19T14:56:10.245Z,11:30 AM–10 PM,11:30 AM–10 PM,11:30 AM–10 PM,11:30 AM–10 PM,11:30 AM–10 PM,Closed,Closed,
https://www.google.com/maps/place/Titan+food/data=!4m7!3m6!1s0x47c3c397041e25ed:0x213d96830947c190!8m2!3d50.9109285!4d4.4039244!16s%2Fg%2F11q95ghvqg!19sChIJ7SUeBJfDw0cRkMFHCYOWPSE,Titan food,4.5,4,Frituur,· Dine-in · Kerbside pickup · Delivery,"Av. De Béjar 1A, 1120 Bruxelles, Belgium","WC63+9H Brussels, Belgium",https://www.facebook.com/Titan-Food-halal-107318648289601/,+32 498 22 33 60,Closed,https://lh5.googleusercontent.com/p/AF1QipNjvFiE258busw4Fin09cDGx5gDiXhwrUbuDYVJ=w426-h240-k-no,true,50.9109375,4.403937499999998,"https://www.google.com/maps/search/frituur/@50.8639564,4.2922419,12.26z?entry=ttu",2023-06-19T14:56:14.203Z,8 AM–3 PM,8 AM–3 PM,8 AM–3 PM,8 AM–3 PM,8 AM–3 PM,8 AM–3 PM,Closed,
https://www.google.com/maps/place/Snack+Cherif/data=!4m7!3m6!1s0x47c3c3bae80902d1:0x38c080300e1bcd97!8m2!3d50.8774301!4d4.3489549!16s%2Fg%2F11cp74zgxd!19sChIJ0QIJ6LrDw0cRl80bDjCAwDg,Snack Cherif,4.1,163,Frituur,· Dine-in · Takeaway,"Rue Stéphanie 165, 1020 Bruxelles, Belgium","V8GX+XH Brussels, Belgium",https://www.heures.be/snack-friterie-cherif/bruxelles/1,+32 489 34 92 72,Open now,https://lh5.googleusercontent.com/p/AF1QipNcl99NyPnKgK381JdYizP9U8lisOwfaG2k2mGe=w408-h544-k-no,true,50.8774375,4.348937500000019,"https://www.google.com/maps/search/frituur/@50.8639564,4.2922419,12.26z?entry=ttu",2023-06-19T14:56:18.157Z,11:30 AM–1 AM,11:30 AM–1 AM,11:30 AM–1 AM,11:30 AM–1 AM,11:30 AM–1 AM,11:30 AM–1 AM,11:30 AM–11 PM,
https://www.google.com/maps/place/De+Polle/data=!4m7!3m6!1s0x47c3dd6102a20967:0xeb443c4681c1e90e!8m2!3d50.9245043!4d4.4496906!16s%2Fg%2F11gdkq2ptv!19sChIJZwmiAmHdw0cRDunBgUY8ROs,De Polle,4.6,234,Frituur,,"Leuvensesteenweg 291, 1800 Vilvoorde, Belgium","WCFX+RV Vilvoorde, Belgium",https://www.frituurdepolle.be/,+32 469 19 43 50,Closed,https://lh5.googleusercontent.com/p/AF1QipPO7LPGhsEsOuJiNpDKlG18GgsX4iko_vNJOyxb=w425-h240-k-no,true,50.92456250000002,4.449687500000024,"https://www.google.com/maps/search/frituur/@50.8639564,4.2922419,12.26z?entry=ttu",2023-06-19T14:56:22.110Z,"11:30 AM–1:30 PM, 5–10 PM","11:30 AM–1:30 PM, 5–10 PM","11:30 AM–1:30 PM, 5–10 PM","11:30 AM–1:30 PM, 5–10 PM","11:30 AM–1:30 PM, 5–10 PM",Closed,Closed,
https://www.google.com/maps/place/Broebbeleir+Uccle/data=!4m7!3m6!1s0x47c3c50220c9fa69:0x998af9ff1ed2dc6!8m2!3d50.8044302!4d4.358186!16s%2Fg%2F11b6ty85rz!19sChIJafrJIALFw0cRxi3t8Z-vmAk,Broebbeleir Uccle,4.1,422,Frituur,· Dine-in · Takeaway · Delivery,"Rue Edith Cavell 199, 1180 Uccle, Belgium","R935+Q7 Uccle, Belgium",http://broebbeleir.be/,,Closed,https://lh5.googleusercontent.com/p/AF1QipPZ1ZYlqlCx_2p02oBI6Ld-ff4LYL7uGwlQpf0Q=w408-h725-k-no,true,50.80443750000002,4.3581875,"https://www.google.com/maps/search/frituur/@50.8639564,4.2922419,12.26z?entry=ttu",2023-06-19T14:56:26.423Z,"11:30 AM–2 PM, 6–10 PM","11:30 AM–2 PM, 6–10 PM","11:30 AM–2 PM, 6–10 PM","11:30 AM–2 PM, 6–10 PM","11:30 AM–2 PM, 6–10 PM","12–2 PM, 6–10 PM","12–2 PM, 6–10 PM",
https://www.google.com/maps/place/La+Friterie/data=!4m7!3m6!1s0x47c3c52b2dcdb4ef:0x3cf2270e5a1bc376!8m2!3d50.8461845!4d4.3520544!16s%2Fg%2F11q9tqt9bl!19sChIJ77TNLSvFw0cRdsMbWg4n8jw,La Friterie,4.0,70,Frituur,· Dine-in · Takeaway,"Rue Charles Buls 10, 1000 Bruxelles, Belgium","R9W2+FR Brussels, Belgium",,,Open now,https://lh5.googleusercontent.com/p/AF1QipP9RzzJ9C--jhjoKjIpRb_ekjCFTe_u3jbJ8BAv=w408-h306-k-no,true,50.8461875,4.352062500000002,"https://www.google.com/maps/search/frituur/@50.8639564,4.2922419,12.26z?entry=ttu",2023-06-19T14:56:30.340Z,10:30 AM–9 PM,10:30 AM–9 PM,10:30 AM–9 PM,10:30 AM–9 PM,10:30 AM–9 PM,10:30 AM–9 PM,10:30 AM–9 PM,
https://www.google.com/maps/place/Frituur+Sabine+en+Serge/data=!4m7!3m6!1s0x47c3c60b85a3cb45:0xcac056387d507c8e!8m2!3d50.784445!4d4.2931679!16s%2Fg%2F11bx40glqk!19sChIJRcujhQvGw0cRjnxQfThWwMo,Frituur Sabine en Serge,4.3,123,Frituur,· Dine-in · Takeaway · Delivery,"Fabriekstraat 108, 1601 Sint-Pieters-Leeuw, Belgium","Q7MV+Q7 Sint-Pieters-Leeuw, Belgium",https://www.frituur-sabine-serge.be/,+32 2 378 24 34,Closed,https://lh5.googleusercontent.com/p/AF1QipMlF6rqBafZRNJGe_hWOkJjnDzGJRZCiQel_cIq=w533-h240-k-no,true,50.78443750000001,4.293187500000002,"https://www.google.com/maps/search/frituur/@50.8639564,4.2922419,12.26z?entry=ttu",2023-06-19T14:56:34.319Z,"11:30 AM–1:30 PM, 5–9:30 PM","11:30 AM–1:30 PM, 5–9:30 PM","11:30 AM–1:30 PM, 5–9:30 PM","11:30 AM–1:30 PM, 5–9:30 PM","11:30 AM–1:30 PM, 5–9:30 PM",5–9:30 PM,Closed,
https://www.google.com/maps/place/Alex+Grill+House/data=!4m7!3m6!1s0x47c3bf97f34372c3:0x1e408729eab10f09!8m2!3d50.9116139!4d4.1956896!16s%2Fg%2F11nfv9s5ck!19sChIJw3JD85e_w0cRCQ-x6imHQB4,Alex Grill House,3.6,69,Frituur,· Dine-in · Drive-through · No-contact delivery,"Nieuwstraat 16, 1730 Asse, Belgium","W56W+J7 Asse, Belgium",https://www.alexander-grill-asse.be/,+32 2 569 81 50,Open now,https://lh5.googleusercontent.com/p/AF1QipPOo7CsNccdziTwdDIN0pD24opyi27Elyvuo-1r=w408-h306-k-no,true,50.91156249999999,4.195687500000005,"https://www.google.com/maps/search/frituur/@50.8639564,4.2922419,12.26z?entry=ttu",2023-06-19T14:56:38.274Z,11:30 AM–12 AM,Closed,11:30 AM–12 AM,11:30 AM–12 AM,11:30 AM–12 AM,11:30 AM–12 AM,11:30 AM–12 AM,
https://www.google.com/maps/place/Snack+Papay/data=!4m7!3m6!1s0x47c3c4981c696385:0xc8653a5e662b6c93!8m2!3d50.8366667!4d4.3808333!16s%2Fg%2F1tf5jt3d!19sChIJhWNpHJjEw0cRk2wrZl46Zcg,Snack Papay,4.6,279,Frituur,· Dine-in · Takeaway · Delivery,"Chau. de Wavre 382, 1040 Etterbeek, Belgium","R9PJ+M8 Etterbeek, Belgium",,+32 2 280 65 78,Open now,https://lh5.googleusercontent.com/p/AF1QipNqWKkAGBwUsI--OGUtOwyPwZpOx212WlzAAdyO=w408-h544-k-no,true,50.8366875,4.380812500000005,"https://www.google.com/maps/search/frituur/@50.8639564,4.2922419,12.26z?entry=ttu",2023-06-19T14:56:42.368Z,11:30 AM–11 PM,11:30 AM–11 PM,11:30 AM–11 PM,11:30 AM–11 PM,11:30 AM–11 PM,11:30 AM–11 PM,Closed,