placeUrl,title,rating,reviewCount,category,attributes,address,plusCode,website,phoneNumber,monday,tuesday,wednesday,thursday,friday,saturday,sunday,currentStatus,imgUrl,isClaimed,latitude,longitude,query,timestamp,info
https://www.google.be/maps/place/Den+Dam/data=!4m7!3m6!1s0x47c39b2fe9294def:0x9c6b0c2a419db37e!8m2!3d51.102254!4d3.9845313!16s%2Fg%2F11c1lynl5b!19sChIJ700p6S-bw0cRfrOdQSoMa5w,Den Dam,4.6,180,Frituur,· Dine-in · Takeaway · Delivery,"Kleine Dam 48, 9160 Lokeren, Belgium","4X2M+WR Lokeren, Belgium",http://www.frituurdendam.be/,+32 488 76 25 90,"11:30 AM–1:30 PM, 5–11 PM","11:30 AM–1:30 PM, 5–11 PM","11:30 AM–1:30 PM, 5–11 PM","11:30 AM–1:30 PM, 5–11 PM","11:30 AM–1:30 PM, 5–10 PM",Closed,Closed,Closed,https://lh5.googleusercontent.com/p/AF1QipOL44UHwQNim1Rh9lU6Eec24ghrzIOHi9jLTUhc=w426-h240-k-no,false,51.1023125,3.9845624999999956,"https://www.google.be/maps/search/frituur/@51.0195473,4.1568624,11.89z?entry=ttu",2023-06-19T13:58:21.850Z,
https://www.google.be/maps/place/Frituur+%27T+Wiel/data=!4m7!3m6!1s0x47c39bb38c75c233:0x33412186e221c6d0!8m2!3d51.1069195!4d3.9868751!16s%2Fg%2F11gjmts6f5!19sChIJM8J1jLObw0cR0MYh4oYhQTM,Frituur 'T Wiel,4.4,74,Frituur,· Dine-in · Takeaway · Delivery,"Stationsstraat 44, 9160 Lokeren, Belgium","4X4P+QQ Lokeren, Belgium",https://www.facebook.com/Frituur-t-Wiel-107788234135922/,+32 491 76 32 77,5–9:30 PM,5–9:30 PM,5–9:30 PM,Closed,5–10 PM,5–10 PM,5–9:30 PM,Closed,https://lh5.googleusercontent.com/p/AF1QipNb7JcWia7Y-8SIe0GYmuvkUNsmI5nOveY3lYz0=w408-h544-k-no,true,51.1069375,3.9869374999999962,"https://www.google.be/maps/search/frituur/@51.0195473,4.1568624,11.89z?entry=ttu",2023-06-19T13:58:28.637Z,
https://www.google.be/maps/place/Frituur+%27t+Vuystjen/data=!4m7!3m6!1s0x47c39b22170a726b:0x77fec31babab4fc6!8m2!3d51.0917209!4d3.9872918!16s%2Fg%2F11bzx5bjk5!19sChIJa3IKFyKbw0cRxk-rqxvD_nc,Frituur 't Vuystjen,,,Frituur,,"Naastveldstraat 70, 9160 Lokeren, Belgium","3XRP+MW Lokeren, Belgium",,+32 9 279 22 85,,,,,,,,,https://streetviewpixels-pa.googleapis.com/v1/thumbnail?panoid=1-ZIhfdzgwpoxdC-eYKzKg&cb_client=search.gws-prod.gps&w=408&h=240&yaw=196.01552&pitch=0&thumbfov=100,false,51.09168749999999,3.9873124999999874,"https://www.google.be/maps/search/frituur/@51.0195473,4.1568624,11.89z?entry=ttu",2023-06-19T13:58:33.097Z,
https://www.google.be/maps/place/%27%27t+Frietje%27/data=!4m7!3m6!1s0x47c39ac47e2e66fb:0xbdfb510560a1fc9a!8m2!3d51.0960307!4d4.0097598!16s%2Fg%2F1thp74k2!19sChIJ-2YufsSaw0cRmvyhYAVR-70,'t Frietje,4.4,214,Frituur,· Dine-in · Takeaway,"Zelebaan 66, 9160 Lokeren, Belgium","32W5+CW Lokeren, Belgium",http://www.tfrietje.be/,+32 473 29 99 11,Closed,"11:30 AM–2 PM, 4:30–10 PM","11:30 AM–2 PM, 4:30–10 PM","11:30 AM–2 PM, 4:30–10 PM","11:30 AM–2 PM, 4:30–10 PM","11:30 AM–2 PM, 4:30–10 PM","11:30 AM–2 PM, 4:30–10 PM",Closed today,https://lh5.googleusercontent.com/p/AF1QipMusP--5UE6CfxY8VZctqvYyaMO971fdHWqyUfj=w472-h240-k-no,true,51.0960625,4.009812499999995,"https://www.google.be/maps/search/frituur/@51.0195473,4.1568624,11.89z?entry=ttu",2023-06-19T13:58:38.650Z,Identifies as women-owned
https://www.google.be/maps/place/Frituur+%27t+Dolfijntje/data=!4m7!3m6!1s0x47c39bc0bbe416b5:0x3b02a6000595f9fc!8m2!3d51.0485452!4d3.9685341!16s%2Fg%2F11bwzkx_p2!19sChIJtRbku8Cbw0cR_PmVBQCmAjs,Frituur 't Dolfijntje,4.3,121,Frituur,· Dine-in · Takeaway · Delivery,"90, Dendermondse Steenweg 60, 9290 Berlare, Belgium","2XX9+CC Berlare, Belgium",https://www.openingsurengids.be/t-dolfijntje/berlare/1,,Closed,Closed,5–10 PM,5–10 PM,"11:30 AM–2 PM, 5–10 PM","11:30 AM–2 PM, 5–10 PM",5–10 PM,Closed today,https://lh5.googleusercontent.com/p/AF1QipO_bWImNBPN8bit5A9omoJduu8WpzZ2_mAo7H18=w408-h306-k-no,false,51.04856250000002,3.9685625000000044,"https://www.google.be/maps/search/frituur/@51.0195473,4.1568624,11.89z?entry=ttu",2023-06-19T13:58:45.298Z,
https://www.google.be/maps/place/Frituur+De+Kegel/data=!4m7!3m6!1s0x47c396571f38af8b:0x48fb661f06f4bcc4!8m2!3d50.9789097!4d4.0879769!16s%2Fg%2F11f11lj1_g!19sChIJi684H1eWw0cRxLz0Bh9m-0g,Frituur De Kegel,4.2,63,Frituur,· Dine-in · Kerbside pickup · Delivery,"Aalstersestraat 141A, 9280 Lebbeke, Belgium","X3HQ+H5 Lebbeke, Belgium",http://www.facebook.com/frituurdekegel,,5–10 PM,5–10 PM,5–10 PM,Closed,"11:30 AM–1:29 PM, 4:30–10 PM",5–10 PM,5–9 PM,Closed,https://lh5.googleusercontent.com/p/AF1QipNKngCPtI0Ekrqwmxr24LWg4YcTyfDYeNhcrRuZ=w408-h725-k-no,true,50.97893749999999,4.087937499999995,"https://www.google.be/maps/search/frituur/@51.0195473,4.1568624,11.89z?entry=ttu",2023-06-19T13:58:52.345Z,
https://www.google.be/maps/place/Frituur+Fabiola/data=!4m7!3m6!1s0x47c3973ed70ca36d:0x4af5e195cf34f7a4!8m2!3d51.0091779!4d4.0610798!16s%2Fg%2F11f3mbjzv_!19sChIJbaMM1z6Xw0cRpPc0z5Xh9Uo,Frituur Fabiola,4.4,98,Frituur,· Dine-in · Takeaway · Delivery,"Hofstraat 1, 9200 Dendermonde, Belgium","2356+MC Dendermonde, Belgium",https://www.vindeenfrituur.be/frituren/oost-vlaanderen/oudegem--9200/frituur-fabiola/1319/,+32 52 57 77 10,Closed,Closed,Closed,4:30–9 PM,"11:30 AM–1:30 PM, 4:30–10 PM",4:30–10 PM,4:30–10 PM,Closed today,https://lh5.googleusercontent.com/p/AF1QipOel2hOQe8vfPi92AFLugrVhfNyw5mvaTPwJ21P=w426-h240-k-no,true,51.00918749999998,4.061062500000006,"https://www.google.be/maps/search/frituur/@51.0195473,4.1568624,11.89z?entry=ttu",2023-06-19T13:58:59.534Z,
https://www.google.be/maps/place/Het+Gouden+Fritje/data=!4m7!3m6!1s0x47c393118e73ec85:0x80b4d1fb664fe70b!8m2!3d51.0472778!4d4.2033022!16s%2Fg%2F11ckvnyglv!19sChIJhexzjhGTw0cRC-dPZvvRtIA,Het Gouden Fritje,4.7,145,Frituur,· Dine-in · Takeaway · Delivery,"Spoorweglaan 28, 2890 Puurs-Sint-Amands, Belgium","26W3+W8 Puurs-Sint-Amands, Belgium",,,Closed,Closed,5–10 PM,5–10 PM,5–10 PM,5–10 PM,5–10 PM,Closed today,https://lh5.googleusercontent.com/p/AF1QipMTPej7UKBQ-D03-uUTCOVvmj0CYyceZU8lSe_Q=w426-h240-k-no,true,51.04731249999999,4.203312499999996,"https://www.google.be/maps/search/frituur/@51.0195473,4.1568624,11.89z?entry=ttu",2023-06-19T13:59:05.250Z,
https://www.google.be/maps/place/Frituur+%27t+Dorp/data=!4m7!3m6!1s0x47c3911193250cbf:0x674feb52e1292943!8m2!3d51.0537385!4d4.1070626!16s%2Fg%2F1jgm2v6z1!19sChIJvwwlkxGRw0cRQykp4VLrT2c,Frituur 't Dorp,4.4,62,Frituur,· Dine-in · Takeaway · Delivery,"Smidsestraat 9, 9200 Dendermonde, Belgium","3434+FR Dendermonde, Belgium",https://www.vindeenfrituur.be/frituren/oost-vlaanderen/grembergen--9200/-039-t-dorp/3840/,+32 52 52 93 62,Closed,5–9 PM,5–9 PM,5–9 PM,5–10 PM,5–10 PM,5–9 PM,Closed today,https://lh5.googleusercontent.com/p/AF1QipMzToGx-42KosnKIsdNpEWDfqD5wNhg_ZDgYT8=w408-h306-k-no,true,51.05368750000001,4.107062499999998,"https://www.google.be/maps/search/frituur/@51.0195473,4.1568624,11.89z?entry=ttu",2023-06-19T13:59:12.769Z,
https://www.google.be/maps/place/%27%27t+Frit-uurke%27/data=!4m7!3m6!1s0x47c3eb8f3c907e47:0x753a7d24aedc0430!8m2!3d51.010697!4d4.2982626!16s%2Fg%2F11gbwl6k60!19sChIJR36QPI_rw0cRMATcriR9OnU,'t Frit-uurke,4.4,113,Frituur,,"Klein Holland 31, 1840 Londerzeel, Belgium","276X+78 Londerzeel, Belgium",http://www.koendevroede.be/,,Closed,Closed,5–9 PM,5–9 PM,5–9 PM,5–9 PM,5–9 PM,Closed today,https://lh5.googleusercontent.com/p/AF1QipPT2qi4xwlT2FkWLU1tMJDM3p3yi1Q90N8mLZRj=w408-h544-k-no,false,51.0106875,4.298312500000023,"https://www.google.be/maps/search/frituur/@51.0195473,4.1568624,11.89z?entry=ttu",2023-06-19T13:59:19.221Z,
https://www.google.be/maps/place/Frituur+Frietgenot/data=!4m7!3m6!1s0x47c397aa9ed7f775:0x698f966383e1282b!8m2!3d50.9847285!4d4.0511286!16s%2Fg%2F11rxl3qwmr!19sChIJdffXnqqXw0cRKyjhg2OWj2k,Frituur Frietgenot,4.5,25,Frituur,· Dine-in · Takeaway · No-contact delivery,"Steenweg naar Oudegem 151, 9308 Aalst, Belgium","X3M2+VF Aalst, Belgium",https://frietgenot.unipage.eu/,+32 468 19 63 43,Closed,Closed,5–9:30 PM,5–9:30 PM,5–9:30 PM,5–9:30 PM,5–9:30 PM,Closed today,https://lh5.googleusercontent.com/p/AF1QipOfP8ybOZl7Y2uU-iRrGqldUeciT02-YB5trqOY=w408-h838-k-no,true,50.98468749999999,4.051187500000012,"https://www.google.be/maps/search/frituur/@51.0195473,4.1568624,11.89z?entry=ttu",2023-06-19T13:59:25.438Z,
https://www.google.be/maps/place/Frituur+Sint+Anna/data=!4m7!3m6!1s0x47c3a2aa4963f905:0x1711a72c5eea8808!8m2!3d50.9410577!4d4.01843!16s%2Fg%2F1pxwsyhsl!19sChIJBfljSaqiw0cRCIjqXiynERc,Frituur Sint Anna,4.2,74,Frituur,· Dine-in · Takeaway · Delivery,"Naarstigheidstraat 158, 9300 Aalst, Belgium","W2R9+C9 Aalst, Belgium",https://www.vindeenfrituur.be/frituren/oost-vlaanderen/aalst--9300/st-anna/2035/,+32 53 71 06 22,5–10 PM,Closed,5–10 PM,5–10 PM,5–10 PM,5–10 PM,5–10 PM,Closed,https://lh5.googleusercontent.com/p/AF1QipPofJQVCCOk0NNYXmBVr2kxRCn3f6nLzoj-lFQk=w426-h240-k-no,true,50.9410625,4.018437500000019,"https://www.google.be/maps/search/frituur/@51.0195473,4.1568624,11.89z?entry=ttu",2023-06-19T13:59:33.024Z,
https://www.google.be/maps/place/Frituur+%27t+Nief+Petatje/data=!4m7!3m6!1s0x47c3a2aa8436ba53:0x9125507d370135e!8m2!3d50.942802!4d4.0205293!16s%2Fg%2F11j2ypqnlk!19sChIJU7o2hKqiw0cRXhNw0wdVEgk,Frituur 't Nief Petatje,4.6,163,Frituur,· Dine-in · Takeaway · Delivery,"Boudewijnlaan 85, 9300 Aalst, Belgium","W2VC+46 Aalst, Belgium",http://tniefpetatje.one2three.app/,,Closed,5–9 PM,Closed,5–9 PM,5–10 PM,6–9 PM,5–9 PM,Closed today,https://lh5.googleusercontent.com/p/AF1QipPs_N9nmEGhN5R4lBpTsMdbSPf7VBmnoxpoe0FK=w408-h477-k-no,true,50.94281249999999,4.020562499999997,"https://www.google.be/maps/search/frituur/@51.0195473,4.1568624,11.89z?entry=ttu",2023-06-19T13:59:41.262Z,
https://www.google.be/maps/place/Frituur+Den+Driehoek/data=!4m7!3m6!1s0x47c3edcd4b14632f:0x1f4ac47ea577f07c!8m2!3d51.0577778!4d4.3272222!16s%2Fg%2F1hhh12_wd!19sChIJL2MUS83tw0cRfPB3pX7ESh8,Frituur Den Driehoek,4.3,600,Frituur,· Dine-in · Takeaway · Delivery,"N17, 2870 Puurs-Sint-Amands, Belgium","385G+4V Puurs-Sint-Amands, Belgium",https://www.facebook.com/Frituur-Den-Driehoek-1429216837314721/,+32 3 886 01 74,Closed,"11:30 AM–2 PM, 5–10 PM","11:30 AM–2 PM, 5–10 PM","11:30 AM–2 PM, 5–10 PM","11:30 AM–2 PM, 5–10 PM","11:30 AM–1:30 PM, 5–10 PM",5–10 PM,Closed today,https://lh5.googleusercontent.com/p/AF1QipO1JshIP5QBddRJ9xwnnpuQPzQx5E_c5bjbZlP8=w493-h240-k-no,true,51.0578125,4.327187500000022,"https://www.google.be/maps/search/frituur/@51.0195473,4.1568624,11.89z?entry=ttu",2023-06-19T13:59:47.626Z,
https://www.google.be/maps/place/Frituur+Salero/data=!4m7!3m6!1s0x47c3eda73be9ffb1:0x1c3f4d9bac11eb11!8m2!3d51.0738214!4d4.2952329!16s%2Fg%2F1td_4bmj!19sChIJsf_pO6ftw0cREesRrJtNPxw,Frituur Salero,4.6,167,Frituur,· Dine-in · Takeaway · Delivery,"Leopold, L. Van Kerckhovenstraat 4, 2870 Puurs-Sint-Amands, Belgium","37FW+G3 Puurs-Sint-Amands, Belgium",http://www.facebook.com/frituursalero,+32 498 61 32 30,5–10 PM,5–10 PM,Closed,Closed,5–10 PM,5–9 PM,5–9 PM,Closed,https://lh5.googleusercontent.com/p/AF1QipMmoFaVtuBvTIIqvPp_17aNJTBslEKR49bZKCw4=w408-h306-k-no,true,51.07381250000002,4.295187499999983,"https://www.google.be/maps/search/frituur/@51.0195473,4.1568624,11.89z?entry=ttu",2023-06-19T13:59:55.083Z,LGBTQ+ friendly
https://www.google.be/maps/place/Frituur+Mijlbeek/data=!4m7!3m6!1s0x47c397df5bb58117:0xa6e7714898ac870e!8m2!3d50.9425667!4d4.0532234!16s%2Fg%2F1tmqfccx!19sChIJF4G1W9-Xw0cRDoesmEhx56Y,Frituur Mijlbeek,3.7,331,Frituur,· Dine-in · Takeaway · Delivery,"Moorselbaan 152, 9300 Aalst, Belgium","W3V3+27 Aalst, Belgium",http://www.frituur-mijlbeek.be/,+32 53 41 53 53,"11:30 AM–1:30 PM, 5–10 PM","11:30 AM–1:30 PM, 5–10 PM","11:30 AM–1:30 PM, 5–10 PM","11:30 AM–1:30 PM, 5–10 PM","11:30 AM–1:30 PM, 5–10 PM",Closed,5–10 PM,Closed,https://lh5.googleusercontent.com/p/AF1QipMOLwvr_2VnsESeDfIQpZVJ_YUVIpYxaUOVz7uz=w408-h306-k-no,true,50.942562499999994,4.053187500000021,"https://www.google.be/maps/search/frituur/@51.0195473,4.1568624,11.89z?entry=ttu",2023-06-19T14:00:02.097Z,
https://www.google.be/maps/place/Frituur+Anita/data=!4m7!3m6!1s0x47c397c070741091:0x72fdfe83ad22ccaa!8m2!3d50.9502301!4d4.0558584!16s%2Fg%2F11g0khy_dg!19sChIJkRB0cMCXw0cRqswirYP-_XI,Frituur Anita,3.8,29,Frituur,· Dine-in · Kerbside pickup · No-contact delivery,"Binnenstraat 305, 9300 Aalst, Belgium","X324+38 Aalst, Belgium",https://www.takeaway.com/be/menu/frituur-anita-9300?sharingId=i1669225275220,+32 485 18 17 28,Closed,5–10 PM,5–10 PM,5–10 PM,5–10 PM,5–10 PM,5–10 PM,Closed today,https://lh5.googleusercontent.com/p/AF1QipOjVnb84MoPHAGchdsHPMVtdgkrwIUHi2xhMlrs=w426-h240-k-no,true,50.950187499999984,4.055812500000016,"https://www.google.be/maps/search/frituur/@51.0195473,4.1568624,11.89z?entry=ttu",2023-06-19T14:00:09.051Z,LGBTQ+ friendly
https://www.google.be/maps/place/Frituur+Breugelhof/data=!4m7!3m6!1s0x47c3ecfd61ddccb9:0x7ebb198afabefd96!8m2!3d51.059921!4d4.280015!16s%2Fg%2F11g6n9zrt3!19sChIJuczdYf3sw0cRlv2--ooZu34,Frituur Breugelhof,4.6,95,Frituur,· Dine-in · Takeaway · Delivery,"Liezele-Dorp 80, 2870 Puurs-Sint-Amands, Belgium","375J+X2 Puurs-Sint-Amands, Belgium",https://alle-openingstijden.be/036752/Frituur_Breugelhof,+32 472 38 76 36,Closed,Closed,4:30–9 PM,4:30–9 PM,4:30–9 PM,4:30–9 PM,4:30–9 PM,Closed today,https://streetviewpixels-pa.googleapis.com/v1/thumbnail?panoid=KDoJU0zIK0bkiDEasfgpYw&cb_client=search.gws-prod.gps&w=408&h=240&yaw=227.91608&pitch=0&thumbfov=100,false,51.059937500000004,4.2800625,"https://www.google.be/maps/search/frituur/@51.0195473,4.1568624,11.89z?entry=ttu",2023-06-19T14:00:15.861Z,
https://www.google.be/maps/place/De+Frietcorner/data=!4m7!3m6!1s0x47c396b692773a37:0x4051f137f345ffda!8m2!3d51.0189895!4d4.1096925!16s%2Fg%2F11cn9xs4v6!19sChIJNzp3kraWw0cR2v9F8zfxUUA,De Frietcorner,4.5,157,Frituur,· Dine-in · Takeaway · Delivery,"Van Langenhovestraat 1, 9200 Dendermonde, Belgium","2495+HV Dendermonde, Belgium",http://www.defrietcorner.be/,+32 472 45 95 91,Closed,Closed,"11:30 AM–1:30 PM, 5–10 PM","11:30 AM–1:30 PM, 5–10 PM","11:30 AM–1:30 PM, 5–10 PM",5–10 PM,5–10 PM,Closed today,https://lh5.googleusercontent.com/p/AF1QipP9YtafUMhUe_EPi35FhGc2TlBFwJaP0d7OpvK7=w408-h544-k-no,true,51.01893750000001,4.109687499999993,"https://www.google.be/maps/search/frituur/@51.0195473,4.1568624,11.89z?entry=ttu",2023-06-19T14:00:22.781Z,
https://www.google.be/maps/place/Frituur+%27t+hoeksken/data=!4m7!3m6!1s0x47c3910bd65291ed:0xaf363330f66dd749!8m2!3d51.0295348!4d4.0568968!16s%2Fg%2F11llgrw39l!19sChIJ7ZFS1guRw0cRSddt9jAzNq8,Frituur 't hoeksken,4.8,18,Frituur,· Dine-in · Takeaway · Delivery,"Heirstraat 101, 9200 Dendermonde, Belgium","23H4+RQ Dendermonde, Belgium",,,5–8 PM,Closed,5–8 PM,5–9 PM,"11:30 AM–1 PM, 4:30–10 PM",5–9 PM,Closed,Closed,https://lh5.googleusercontent.com/p/AF1QipMWtkjI1QKdvJ1zmD_zdeG6xFKM6qypVnOd_3iK=w426-h240-k-no,false,51.02956250000001,4.056937500000018,"https://www.google.be/maps/search/frituur/@51.0195473,4.1568624,11.89z?entry=ttu",2023-06-19T14:00:30.264Z,
https://www.google.be/maps/place/Leda+Friet+Hoek/data=!4m7!3m6!1s0x47c3988aace71a9f:0x4a58d619fb52ac39!8m2!3d50.9655674!4d3.9761989!16s%2Fg%2F11fy7dljsr!19sChIJnxrnrIqYw0cROaxS-xnWWEo,Leda Friet Hoek,4.2,106,Frituur,· Dine-in · Takeaway · Delivery,"Zuster Lambertinestraat 2-4, 9340 Lede, Belgium","XX8G+6F Lede, Belgium",https://m.facebook.com/pages/category/Food---Beverage/Friethoek-Leda-1256599841019881/?locale2=nl_NL,+32 474 95 92 55,"11:30 AM–1:30 PM, 5–10 PM",Closed,Closed,"11:30 AM–1:30 PM, 5–10 PM","11:30 AM–1:30 PM, 5–10 PM","11:30 AM–1:30 PM, 5–10 PM",5–10 PM,Closed,https://lh5.googleusercontent.com/p/AF1QipMWPXfh-MYAQAT3UcCs54TJ7-EZB2Jd7K-YUKfc=w426-h240-k-no,false,50.96556249999996,3.9761874999999947,"https://www.google.be/maps/search/frituur/@51.0195473,4.1568624,11.89z?entry=ttu",2023-06-19T14:00:37.590Z,
https://www.google.be/maps/place/Restaurant-Frituur-Snack+De+Tuit/data=!4m7!3m6!1s0x47c391f7995ec1b3:0x6685b1a091e9ccf3!8m2!3d51.0945818!4d4.1429913!16s%2Fg%2F1tdyvjb1!19sChIJs8FemfeRw0cR88zpkaCxhWY,Restaurant-Frituur-Snack De Tuit,4.3,187,Frituur,,"Tweebruggenplein 16, 9220 Hamme, Belgium","34VV+R5 Hamme, Belgium",http://www.frituurdetuit.be/,+32 486 02 72 58,"11:45 AM–1:30 PM, 4:45–11 PM","11:45 AM–1:30 PM, 4:45–11 PM",Closed,"11:45 AM–1:30 PM, 4:45–11 PM","11:45 AM–1:30 PM, 4:45–11 PM","11:45 AM–1:30 PM, 4:45–11 PM","11:45 AM–1:30 PM, 4:45–11 PM",Closed,https://lh5.googleusercontent.com/p/AF1QipPQ1NorJJJ3HoNfK4TLkhSCOapPKB602VD8ha-u=w408-h306-k-no,false,51.09456250000001,4.142937499999974,"https://www.google.be/maps/search/frituur/@51.0195473,4.1568624,11.89z?entry=ttu",2023-06-19T14:00:45.777Z,
https://www.google.be/maps/place/Frituur+Het+Kombuis/data=!4m7!3m6!1s0x47c3f207cd012a49:0x2bca903f100ac148!8m2!3d51.1016993!4d4.3363648!16s%2Fg%2F11btx0zv30!19sChIJSSoBzQfyw0cRSMEKED-Qyis,Frituur Het Kombuis,3.9,92,Frituur,· Dine-in · Takeaway · Delivery,"Boomsestraat 123, 2845 Niel, Belgium","482P+MG Niel, Belgium",https://www.facebook.com/frituurhetkombuis/menu/?id=100047643177116&sk=menu,,Closed,5–8 PM,5–8 PM,5–8 PM,5–8 PM,5–8 PM,5–8 PM,Closed today,https://lh5.googleusercontent.com/p/AF1QipMM2WHK_bWYQmCvdHzPlESYJ6TiVAQF1yAsggKc=w408-h725-k-no,true,51.10168749999998,4.336312500000005,"https://www.google.be/maps/search/frituur/@51.0195473,4.1568624,11.89z?entry=ttu",2023-06-19T14:00:53.564Z,
https://www.google.be/maps/place/Frituur+%27t+Spieken/data=!4m7!3m6!1s0x47c3974bc3f75671:0x5c00d48d61fdfb4!8m2!3d50.9936788!4d4.1163594!16s%2Fg%2F11fjvvjgsx!19sChIJcVb3w0uXw0cRtN8f1kgNwAU,Frituur 't Spieken,4.5,134,Frituur,· Dine-in · Takeaway · Delivery,"Kouterbaan 95, 9280 Lebbeke, Belgium","X4V8+FG Lebbeke, Belgium",https://www.facebook.com/Frituur-t-spieken-2271098419794164,+32 478 95 21 24,Closed,Closed,5–9 PM,5–9 PM,5–10 PM,5–9:30 PM,5–9 PM,Closed today,https://lh5.googleusercontent.com/p/AF1QipM3Ghgsz8BZU29aGAtFYmuMqkUGLjnUg8E4faAQ=w408-h544-k-no,true,50.99374999999998,4.1162499999999795,"https://www.google.be/maps/search/frituur/@51.0195473,4.1568624,11.89z?entry=ttu",2023-06-19T14:01:02.749Z,
https://www.google.be/maps/place/Beirepoot/data=!4m7!3m6!1s0x47c395ee34182711:0x60086bfc8a878ba5!8m2!3d50.9835129!4d4.2259976!16s%2Fg%2F11j214zbyy!19sChIJEScYNO6Vw0cRpYuHivxrCGA,Beirepoot,4.6,106,Frituur,,"Leireken 109A1 - Merchtem BE, 1785, Belgium","X6MG+C9 Merchtem, Belgium",,+32 473 30 32 01,"11:30 AM–1 PM, 5–9:30 PM","11:30 AM–1 PM, 5–9:30 PM","11:30 AM–1 PM, 5–9:30 PM","11:30 AM–1 PM, 5–9:30 PM","11:30 AM–1 PM, 5–10 PM",5–10 PM,5–9:30 PM,Closed,https://lh5.googleusercontent.com/p/AF1QipMxKeSK-Weq5tNHOCFj9GeXUW4EQX6zkeonA2KV=w408-h725-k-no,true,50.98356249999999,4.225937500000001,"https://www.google.be/maps/search/frituur/@51.0195473,4.1568624,11.89z?entry=ttu",2023-06-19T14:01:09.725Z,
https://www.google.be/maps/place/Frituur+%27T+Snacksken+Lebbeke/data=!4m7!3m6!1s0x47c395cea7c2d8f5:0x410e2f9aad1280cb!8m2!3d50.975247!4d4.1455804!16s%2Fg%2F11fsmvcjds!19sChIJ9djCp86Vw0cRy4ASrZovDkE,Frituur 'T Snacksken Lebbeke,3.7,22,Frituur,· Dine-in · Takeaway · Delivery,"Brusselsesteenweg 317, 9280 Lebbeke, Belgium","X4GW+36 Lebbeke, Belgium",,,Closed,"12–1:30 PM, 5–9:30 PM","12–1:30 PM, 5–9:30 PM","12–1:30 PM, 5–9:30 PM","12–1:30 PM, 5–10 PM","12–1:30 PM, 5–10 PM",5–9:30 PM,Closed today,https://lh5.googleusercontent.com/p/AF1QipMoDOIZ9ty8GonE2jk5ZH8CGYAXez6aM2GyEZua=w408-h306-k-no,false,50.97518749999999,4.1455624999999685,"https://www.google.be/maps/search/frituur/@51.0195473,4.1568624,11.89z?entry=ttu",2023-06-19T14:01:18.522Z,
https://www.google.be/maps/place/Frituur+Frit-Sjob/data=!4m7!3m6!1s0x47c3bd4d752b99df:0x2748adbc01fb609f!8m2!3d50.9314081!4d4.024825!16s%2Fg%2F11c575br3b!19sChIJ35krdU29w0cRn2D7AbytSCc,Frituur Frit-Sjob,4.6,190,Frituur,· Dine-in · Takeaway · Delivery,"Sint Jobstraat 229, 9300 Aalst, Belgium","W2JF+HW Aalst, Belgium",http://www.frit-sjob.be/,+32 53 77 59 67,Closed,"11:30 AM–1:30 PM, 5–9 PM","11:30 AM–1:30 PM, 5–9 PM","11:30 AM–1:30 PM, 5–9 PM","11:30 AM–1:30 PM, 5–10 PM",5–10 PM,Closed,Closed today,https://lh5.googleusercontent.com/p/AF1QipO_E3BXRofcjQqyt3PhM23vO9aZBA-INAa29NYA=w408-h306-k-no,true,50.9314375,4.02481250000001,"https://www.google.be/maps/search/frituur/@51.0195473,4.1568624,11.89z?entry=ttu",2023-06-19T14:01:27.016Z,Identifies as women-owned
https://www.google.be/maps/place/Frituur+Viktor/data=!4m7!3m6!1s0x47c3a288bc015e27:0xd4aeac8ca74e10ed!8m2!3d50.9333559!4d3.9770333!16s%2Fg%2F11hd6w7p3n!19sChIJJ14BvIiiw0cR7RBOp4ysrtQ,Frituur Viktor,4.5,88,Frituur,· Dine-in · Takeaway · Delivery,"Kleine Ommegangweg 2, 9420 Erpe-Mere, Belgium","WXMG+8R Erpe-Mere, Belgium",http://frituurviktor.be/,+32 478 18 32 43,Closed,Closed,"11:30 AM–1:30 PM, 5–9 PM","11:30 AM–1:30 PM, 5–9 PM","11:30 AM–1:30 PM, 5–9:30 PM",5–9 PM,5–9 PM,Closed today,https://lh5.googleusercontent.com/p/AF1QipOlH1orBx_aXTfTclfevFk_t76EAPfESiTvqMvL=w426-h240-k-no,true,50.933312500000014,3.9770625000000024,"https://www.google.be/maps/search/frituur/@51.0195473,4.1568624,11.89z?entry=ttu",2023-06-19T14:01:37.511Z,
https://www.google.be/maps/place/Frituur+Chatooke/data=!4m7!3m6!1s0x47c391fbfc5c611f:0xcee24cfb721fcb72!8m2!3d51.1006327!4d4.1397807!16s%2Fg%2F11cllq7vq2!19sChIJH2Fc_PuRw0cRcssfcvtM4s4,Frituur Chatooke,4.1,204,Frituur,· Dine-in · Takeaway · Delivery,"Roodkruisstraat 1c, 9220 Hamme, Belgium","442Q+7W Hamme, Belgium",,+32 52 52 05 71,Closed,"11 AM–1:30 PM, 4–10 PM","11 AM–1:30 PM, 4–10 PM","11 AM–1:30 PM, 4–10 PM","11 AM–1:30 PM, 4–11 PM","11 AM–1:30 PM, 4–11 PM","11 AM–1:30 PM, 4–10 PM",Closed today,https://lh5.googleusercontent.com/p/AF1QipNA3ymggC4DWdacI7vqZcfNay9gRc3v6aE7bHo=w408-h306-k-no,true,51.10068750000001,4.139812499999991,"https://www.google.be/maps/search/frituur/@51.0195473,4.1568624,11.89z?entry=ttu",2023-06-19T14:01:45.237Z,
https://www.google.be/maps/place/Frituur+K%26S/data=!4m7!3m6!1s0x47c39133336ce73d:0xd91dc84af7481dad!8m2!3d51.0239237!4d4.1013839!16s%2Fg%2F11c1q980nv!19sChIJPedsMzORw0cRrR1I90rIHdk,Frituur K&S,3.9,94,Frituur,· Dine-in · Takeaway · Delivery,"Stationsstraat 36, 9200 Dendermonde, Belgium","24F2+HH Dendermonde, Belgium",http://frituurkens.one2three.app/,+32 493 99 55 83,11 AM–10 PM,11 AM–8:30 PM,Closed,Closed,5–10 PM,11 AM–10 PM,11 AM–10 PM,Open now,https://lh5.googleusercontent.com/p/AF1QipPyQYKdCU64vYjaEH0HIzZRrUyo_4dzt6D2oY9I=w408-h272-k-no,true,51.0239375,4.101437499999989,"https://www.google.be/maps/search/frituur/@51.0195473,4.1568624,11.89z?entry=ttu",2023-06-19T14:01:53.412Z,
https://www.google.be/maps/place/Frituur+Guido/data=!4m7!3m6!1s0x47c3e955f093fdf5:0x6b012dc071d9c97c!8m2!3d51.0111402!4d4.3342784!16s%2Fg%2F11cm_h8kfn!19sChIJ9f2T8FXpw0cRfMnZccAtAWs,Frituur Guido,4.2,210,Frituur,· Dine-in · Takeaway · Delivery,"Londerzeelseweg 64, 1880 Kapelle-op-den-Bos, Belgium","286M+FP Kapelle-op-den-Bos, Belgium",https://nl-nl.facebook.com/pages/category/Restaurant/Frituur-Guido-457626488010035/,+32 15 71 40 64,5–11 PM,5–11 PM,5–11 PM,5–11 PM,4:30–11 PM,5–11 PM,5–11 PM,Closed,https://lh5.googleusercontent.com/p/AF1QipOqiC_RFPUg8sXcU91gAJy25H1KKnwpnYBtLPTT=w408-h306-k-no,true,51.01118749999999,4.334312499999996,"https://www.google.be/maps/search/frituur/@51.0195473,4.1568624,11.89z?entry=ttu",2023-06-19T14:02:00.927Z,
https://www.google.be/maps/place/Fritt%E2%80%99X/data=!4m7!3m6!1s0x47c39705959e3517:0xff9a68f2991f3282!8m2!3d50.9998979!4d4.1271001!16s%2Fg%2F11h64hgphv!19sChIJFzWelQWXw0cRgjIfmfJomv8,Fritt’X,4.0,55,Frituur,· Dine-in · Takeaway,"Leo Duboisstraat 14, 9280 Lebbeke, Belgium","X4XG+XR Lebbeke, Belgium",http://www.fritt-x.be/,+32 479 33 18 51,4:30–9 PM,Closed,4:30–9 PM,"11:30 AM–2 PM, 4:30–9 PM","11:30 AM–2 PM, 4:30–10 PM",4:30–9:30 PM,4:30–9:30 PM,Closed,https://lh5.googleusercontent.com/p/AF1QipP-bBKigjeWzKA199hrcVaz8lKUSPZxryu3xevc=w426-h240-k-no,false,50.9999375,4.127062500000008,"https://www.google.be/maps/search/frituur/@51.0195473,4.1568624,11.89z?entry=ttu",2023-06-19T14:02:08.413Z,
https://www.google.be/maps/place/Frituur+Vijfhuizen/data=!4m7!3m6!1s0x47c3a34cc6d842ad:0x7938daf3c5883f70!8m2!3d50.9422314!4d3.9944816!16s%2Fg%2F11m91kvltk!19sChIJrULYxkyjw0cRcD-IxfPaOHk,Frituur Vijfhuizen,4.3,78,Frituur,· Dine-in · Takeaway · Delivery,"Gentsesteenweg 25, 9420 Erpe-Mere, Belgium","WXRV+VQ Erpe-Mere, Belgium",https://www.facebook.com/frituurvijfhuizen/,+32 53 39 92 99,"11:30 AM–1:30 PM, 5–10 PM","11:30 AM–1:30 PM, 5–10 PM",Closed,"11:30 AM–1:30 PM, 5–10 PM","11:30 AM–1:30 PM, 5–11 PM","11:30 AM–1:30 PM, 5–10 PM",5–10 PM,Closed,https://lh5.googleusercontent.com/p/AF1QipMcUB4MDQRb7zgUq5uawcQ5N3ofAVtg1-Rt1U6g=w408-h306-k-no,true,50.9421875,3.9944374999999894,"https://www.google.be/maps/search/frituur/@51.0195473,4.1568624,11.89z?entry=ttu",2023-06-19T14:02:15.141Z,
https://www.google.be/maps/place/Frituur+Rob+%26+Co/data=!4m7!3m6!1s0x47c3eab5c308aec3:0xacd82d9b00831d53!8m2!3d50.9552925!4d4.2301806!16s%2Fg%2F11bzx2vg66!19sChIJw64Iw7Xqw0cRUx2DAJst2Kw,Frituur Rob & Co,4.6,263,Frituur,· Dine-in · Takeaway · Delivery,"Mieregemstraat 70, 1785 Merchtem, Belgium","X64J+43 Merchtem, Belgium",,,Closed,Closed,"11:30 AM–1:30 PM, 5–9:30 PM",5–9:30 PM,"11:30 AM–1:30 PM, 5–10:30 PM",5–10:30 PM,5–9:30 PM,Closed today,https://lh5.googleusercontent.com/p/AF1QipPFxanFs5KvbCXscb7LOW-MlX3ZQnqZ0PDspT3I=w426-h240-k-no,true,50.95531249999998,4.230187499999985,"https://www.google.be/maps/search/frituur/@51.0195473,4.1568624,11.89z?entry=ttu",2023-06-19T14:02:21.650Z,
https://www.google.be/maps/place/Frituur+Den+Heikant/data=!4m7!3m6!1s0x47c39b691cbd86a5:0xece2b1e0f2fdb4bf!8m2!3d51.0664424!4d3.9898671!16s%2Fg%2F11jgsr59w9!19sChIJpYa9HGmbw0cRv7T98uCx4uw,Frituur Den Heikant,4.6,15,Frituur,· Dine-in · Takeaway · Delivery,"Heikant 265, 9240 Zele, Belgium","3X8Q+HW Zele, Belgium",https://www.frituurdenheikant.be/,,Closed,Closed,Closed,5–8:30 PM,5–9 PM,5–8:30 PM,5–8:30 PM,Closed today,https://lh5.googleusercontent.com/p/AF1QipMfZu03aXK14t6H_pZ5KckRL9OkpgjOPtL8e5W9=w408-h306-k-no,true,51.06643749999999,3.989812499999985,"https://www.google.be/maps/search/frituur/@51.0195473,4.1568624,11.89z?entry=ttu",2023-06-19T14:02:28.955Z,
https://www.google.be/maps/place/Frituur+Bareeltje/data=!4m7!3m6!1s0x47c3931967423b51:0xcabe0e02a4d7a4fa!8m2!3d51.0552564!4d4.2097875!16s%2Fg%2F1tg_w7p1!19sChIJUTtCZxmTw0cR-qTXpAIOvso,Frituur Bareeltje,4.5,111,Frituur,· Dine-in · Takeaway · Delivery,"Buisstraat 68, 2890 Puurs-Sint-Amands, Belgium","3645+4W Puurs-Sint-Amands, Belgium",https://www.frituurbareeltje.be/,+32 479 26 72 58,Closed,Closed,5–10 PM,5–10 PM,5–10 PM,5–10 PM,5–10 PM,Closed today,https://lh5.googleusercontent.com/p/AF1QipPNyZkdERv--29dE9ZeHLSlYaqAlO-ULXcgKD9Y=w426-h240-k-no,false,51.0553125,4.209812499999984,"https://www.google.be/maps/search/frituur/@51.0195473,4.1568624,11.89z?entry=ttu",2023-06-19T14:02:34.119Z,
https://www.google.be/maps/place/Frituur+%27t+Brugske/data=!4m7!3m6!1s0x47c39975716324d5:0xe59692d834598b52!8m2!3d51.0108588!4d4.0065514!16s%2Fg%2F11ll8hd38m!19sChIJ1SRjcXWZw0cRUotZNNiSluU,Frituur 't Brugske,4.0,15,Frituur,,"Brugstraat 24, 9290 Berlare, Belgium","2264+8J Berlare, Belgium",,,,,,,,,,,https://streetviewpixels-pa.googleapis.com/v1/thumbnail?panoid=leB_h6xlCL6J2Y7DgCfdtA&cb_client=search.gws-prod.gps&w=408&h=240&yaw=225.60693&pitch=0&thumbfov=100,false,51.0108125,4.006562499999987,"https://www.google.be/maps/search/frituur/@51.0195473,4.1568624,11.89z?entry=ttu",2023-06-19T14:02:40.404Z,
https://www.google.be/maps/place/Frituur+Den+Appel/data=!4m7!3m6!1s0x47c3bd942fde0dff:0x3ccfd0d11100d602!8m2!3d50.9380466!4d4.023957!16s%2Fg%2F11g0zq_qp5!19sChIJ_w3eL5S9w0cRAtYAEdHQzzw,Frituur Den Appel,4.6,195,Frituur,,"Gentsesteenweg 60, 9300 Aalst, Belgium","W2QF+6H Aalst, Belgium",https://www.frituur-den-appel.be/,+32 479 21 12 00,5–9 PM,Closed,5–9 PM,5–9 PM,"11:30 AM–1:30 PM, 5–10 PM",5–9 PM,5–9 PM,Closed,https://lh5.googleusercontent.com/p/AF1QipNCkmuqmt4A-HwR2IeZAerftw59c66b1zemXi-h=w408-h544-k-no,true,50.93806249999999,4.023937500000002,"https://www.google.be/maps/search/frituur/@51.0195473,4.1568624,11.89z?entry=ttu",2023-06-19T14:02:45.630Z,
https://www.google.be/maps/place/Frituur+lauwers+de+boeck/data=!4m7!3m6!1s0x47c3ed95838914b5:0x13f50da4bc9ba394!8m2!3d51.0201243!4d4.2433208!16s%2Fg%2F11qlb73g1b!19sChIJtRSJg5Xtw0cRlKObvKQN9RM,Frituur lauwers de boeck,4.4,5,Frituur,,"Jozef Vermaesenplein 7, 1840 Londerzeel, Belgium","26CV+28 Londerzeel, Belgium",,,,,,,,,,,https://lh5.googleusercontent.com/p/AF1QipNvs4Y-Xra7uLHwmixztc6S7y_Sf8UJFk3aIjXG=w493-h240-k-no,false,51.02006250000001,4.243312499999988,"https://www.google.be/maps/search/frituur/@51.0195473,4.1568624,11.89z?entry=ttu",2023-06-19T14:02:52.184Z,
https://www.google.be/maps/place/Frituur+Sporthal/data=!4m7!3m6!1s0x47c3994e1b61a199:0xecdf899092dd86a3!8m2!3d50.9579586!4d3.9777151!16s%2Fg%2F11fjs9sdhl!19sChIJmaFhG06Zw0cRo4bdkpCJ3-w,Frituur Sporthal,3.8,43,Frituur,,"Ommeganglaan 60, 9340 Lede, Belgium","XX5H+53 Lede, Belgium",,+32 494 46 24 02,5–10 PM,Closed,5–10 PM,5–10 PM,5–10 PM,5–10 PM,5–10 PM,Closed,https://lh5.googleusercontent.com/p/AF1QipMT00uknaP-aC4VeiilnZJ1qaLTJSYTTT-3hHIh=w408-h544-k-no,false,50.95793749999997,3.9776874999999876,"https://www.google.be/maps/search/frituur/@51.0195473,4.1568624,11.89z?entry=ttu",2023-06-19T14:02:59.482Z,
https://www.google.be/maps/place/Den+Tjouter/data=!4m7!3m6!1s0x47c393cd5d0d939b:0x928efdb697da9ea5!8m2!3d51.0625925!4d4.1540072!16s%2Fg%2F11dxhxsr28!19sChIJm5MNXc2Tw0cRpZ7al7b9jpI,Den Tjouter,4.7,123,Frituur,· Dine-in · Takeaway · Delivery,"Kasteellaan 2, 9220 Hamme, Belgium","3573+2J Hamme, Belgium",,+32 472 24 14 85,Closed,Closed,5–9 PM,5–9 PM,"12–1:30 PM, 5–9:30 PM",5–9 PM,"12–1:30 PM, 5–9 PM",Closed today,https://lh5.googleusercontent.com/p/AF1QipMneOz0c5c3kWfENGqujR6DIeBGv-flhP-hzb13=w408-h305-k-no,true,51.0625625,4.154062499999995,"https://www.google.be/maps/search/frituur/@51.0195473,4.1568624,11.89z?entry=ttu",2023-06-19T14:03:05.984Z,
https://www.google.be/maps/place/Topfriet/data=!4m7!3m6!1s0x47c3edae77d94ae5:0xda0ecaf9de1542b2!8m2!3d51.0464747!4d4.2551941!16s%2Fg%2F11lh6dymjw!19sChIJ5UrZd67tw0cRskIV3vnKDto,Topfriet,4.4,38,Frituur,· Dine-in · Takeaway · Delivery,"Provincialeweg 47, 2890 Puurs-Sint-Amands, Belgium","27W4+H3 Puurs-Sint-Amands, Belgium",,+32 495 63 54 73,Closed,Closed,Closed,Closed,5–9 PM,5–9 PM,5–9 PM,Closed today,https://lh5.googleusercontent.com/p/AF1QipP4EvfNYtOoryDsLQTs6k7xeBPceRbf8Oi7umgz=w408-h351-k-no,true,51.04643749999998,4.255187499999991,"https://www.google.be/maps/search/frituur/@51.0195473,4.1568624,11.89z?entry=ttu",2023-06-19T14:03:11.828Z,
https://www.google.be/maps/place/Wil-Frit/data=!4m7!3m6!1s0x47c3bd5a2936232f:0x933e85de436f0068!8m2!3d50.9372583!4d4.0364502!16s%2Fg%2F1hhwmcwsz!19sChIJLyM2KVq9w0cRaABvQ96FPpM,Wil-Frit,4.3,237,Frituur,,"Hopmarkt 37, 9300 Aalst, Belgium","W2PP+WH Aalst, Belgium",http://www.frituurwilfrit.be/,,5–11 PM,Closed,5–11 PM,5–11 PM,5 PM–2 AM,5 PM–2 AM,5–11 PM,Closed,https://lh5.googleusercontent.com/p/AF1QipOgqMc_ZcJg_guzqMYAKj79ep4zRwPH7vwcMQWo=w408-h544-k-no,true,50.937312500000004,4.036437499999991,"https://www.google.be/maps/search/frituur/@51.0195473,4.1568624,11.89z?entry=ttu",2023-06-19T14:03:19.388Z,
https://www.google.be/maps/place/Frituur+t+half+kieke/data=!4m7!3m6!1s0x47c3f39f307b67df:0x1a691f576771f824!8m2!3d51.1068764!4d4.3277242!16s%2Fg%2F11fn9f4zm8!19sChIJ32d7MJ_zw0cRJPhxZ1cfaRo,Frituur t half kieke,4.3,41,Frituur,· Dine-in · Takeaway · Delivery,"Emile Vanderveldelaan 15, 2845 Niel, Belgium","484H+Q3 Niel, Belgium",,+32 487 52 92 28,Closed,Closed,4:30–9:30 PM,4:30–9:30 PM,4:30–10 PM,4:30–10 PM,4:30–9:30 PM,Closed today,https://lh5.googleusercontent.com/p/AF1QipOb6yiWxaZcw45lwjigpgp6N7gmAbEWRQr9aaii=w408-h306-k-no,true,51.1069375,4.32768750000001,"https://www.google.be/maps/search/frituur/@51.0195473,4.1568624,11.89z?entry=ttu",2023-06-19T14:03:25.223Z,Identifies as women-owned
https://www.google.be/maps/place/Frituur+Gi+%26+Mi/data=!4m7!3m6!1s0x47c3efb880c9e0e9:0x16579ef1440e3a17!8m2!3d51.0493708!4d4.3455146!16s%2Fg%2F11p3xr298b!19sChIJ6eDJgLjvw0cRFzoORPGeVxY,Frituur Gi & Mi,4.5,74,Frituur,,"Breendonkstraat 192, 2830 Willebroek, Belgium","28XW+P6 Willebroek, Belgium",https://www.frituurgi-mi.be/,+32 487 59 93 10,Closed,5–8:30 PM,5–8:30 PM,5–8:30 PM,5–9 PM,5–9 PM,5–9 PM,Closed today,https://lh5.googleusercontent.com/p/AF1QipMfqJ9vCelims9sdzdegBMmxCKAWTv6e93lQhNd=w408-h306-k-no,true,51.0493125,4.345562499999986,"https://www.google.be/maps/search/frituur/@51.0195473,4.1568624,11.89z?entry=ttu",2023-06-19T14:03:34.078Z,
https://www.google.be/maps/place/De+Post+Frituur/data=!4m7!3m6!1s0x47c3edeb7554ff77:0xc5f674055c58354b!8m2!3d51.0828028!4d4.3230229!16s%2Fg%2F1v76ytry!19sChIJd_9Udevtw0cRSzVYXAV09sU,De Post Frituur,4.0,104,Frituur,· Dine-in · Takeaway · Delivery,"Kerkstraat 100, 2870 Puurs-Sint-Amands, Belgium","38MF+46 Puurs-Sint-Amands, Belgium",https://www.vindeenfrituur.be/frituren/antwerpen/puurs--2870/frituur-de-post/1100/,+32 495 14 46 21,Closed,4:30–10 PM,4:30–10 PM,4:30–10 PM,4:30–10 PM,4:30–10 PM,4:30–10 PM,Closed today,https://lh5.googleusercontent.com/p/AF1QipOEp02r7kxTEmUJeLxmkkurZuLx2wQR09iJDZd_=w426-h240-k-no,false,51.0828125,4.323062500000006,"https://www.google.be/maps/search/frituur/@51.0195473,4.1568624,11.89z?entry=ttu",2023-06-19T14:03:42.053Z,
https://www.google.be/maps/place/Frituur+De+Frutbaron/data=!4m7!3m6!1s0x47c392f40d4ab815:0x6417f1e93378cac4!8m2!3d51.0794119!4d4.1989252!16s%2Fg%2F11c5s70y3t!19sChIJFbhKDfSSw0cRxMp4M-nxF2Q,Frituur De Frutbaron,4.7,144,Frituur,· Dine-in · Takeaway · Delivery,"Luipegem 204, 2880 Bornem, Belgium","35HX+QH Bornem, Belgium",http://www.defrutbaron.be/,+32 494 66 54 95,Closed,Closed,4:30–10 PM,4:30–10 PM,"11:30 AM–1:30 PM, 4:30–10:30 PM",4:30–10 PM,4:30–10:30 PM,Closed today,https://lh5.googleusercontent.com/p/AF1QipM25nqr6E11wSR7dtRpPv8JWASv-nLqa-u4uf4D=w426-h240-k-no,true,51.079437500000026,4.198937500000014,"https://www.google.be/maps/search/frituur/@51.0195473,4.1568624,11.89z?entry=ttu",2023-06-19T14:03:48.962Z,
https://www.google.be/maps/place/Frituur+De+Statie/data=!4m7!3m6!1s0x47c3edebb147fb03:0x1512e5421642f5f!8m2!3d51.081313!4d4.3256778!16s%2Fg%2F11dx927cyg!19sChIJA_tHsevtw0cRXy9kIVQuUQE,Frituur De Statie,4.0,69,Frituur,· Dine-in · Drive-through · No-contact delivery,"Sauvegardestraat 53, 2870 Puurs-Sint-Amands, Belgium","38JG+G7 Puurs-Sint-Amands, Belgium",http://frituurdestatie.one2three.be/,+32 473 46 63 47,Closed,Closed,4:30–9 PM,4:30–9 PM,4:30–10 PM,4:30–9 PM,4:30–9 PM,Closed today,https://lh5.googleusercontent.com/p/AF1QipOHzpC1d-blUIKwvvhIkAeHbIaqiCk9Ebx015yE=w408-h306-k-no,true,51.08131250000001,4.325687500000029,"https://www.google.be/maps/search/frituur/@51.0195473,4.1568624,11.89z?entry=ttu",2023-06-19T14:03:55.264Z,
https://www.google.be/maps/place/Frituur+%27t+Garaagke/data=!4m7!3m6!1s0x47c396133340bd37:0x9a0a0c9984519f4!8m2!3d50.9610044!4d4.108989!16s%2Fg%2F11hc_1bhl0!19sChIJN71AMxOWw0cR9BlFmMmgoAk,Frituur 't Garaagke,4.5,92,Restaurant,· Dine-in · Takeaway · Delivery,"Kokstraat 14, 9310 Aalst, Belgium","X465+CH Aalst, Belgium",https://tgaraagke.be/,+32 496 45 81 45,,,,,,,,,https://lh5.googleusercontent.com/p/AF1QipNj73qnQRsjNkHTBc92ThbnmRUSb_0HHqJvJ6ea=w408-h306-k-no,true,50.96106249999998,4.108937499999982,"https://www.google.be/maps/search/frituur/@51.0195473,4.1568624,11.89z?entry=ttu",2023-06-19T14:04:01.775Z,
"https://www.google.be/maps/place/De+Frituur+van+je+Buur,+bij+Geert+%26+Kirsten/data=!4m7!3m6!1s0x47c3958385e50759:0xd1a8ca75779bb15d!8m2!3d50.9453461!4d4.1675451!16s%2Fg%2F11c607mg9n!19sChIJWQflhYOVw0cRXbGbd3XKqNE","De Frituur van je Buur, bij Geert & Kirsten",4.8,164,Frituur,· Dine-in · Takeaway · Delivery,"Steenweg 135, 1745 Opwijk, Belgium","W5W9+42 Opwijk, Belgium",https://www.facebook.com/frituur-Geert-Kirsten-de-frituur-van-je-buur-254293221294946/,,Closed,Closed,5:30–10:30 PM,5:30–10:30 PM,5 PM–12 AM,5:30 PM–12 AM,5:30–10:30 PM,Closed today,https://lh5.googleusercontent.com/p/AF1QipN8nhrMnj0UdH883K14ASfPkDTsOk9Kgj5CtbG7=w461-h240-k-no,true,50.945312499999986,4.167562500000017,"https://www.google.be/maps/search/frituur/@51.0195473,4.1568624,11.89z?entry=ttu",2023-06-19T14:04:08.952Z,
https://www.google.be/maps/place/Frituur+Hans+%26+Petra/data=!4m7!3m6!1s0x47c3949c6d1672cf:0x30ce49433d026502!8m2!3d51.016008!4d4.2010558!16s%2Fg%2F11dxf01qbf!19sChIJz3IWbZyUw0cRAmUCPUNJzjA,Frituur Hans & Petra,4.6,190,Frituur,· Dine-in · Takeaway · Delivery,"Stationsstraat 7, 9255 Buggenhout, Belgium","2682+CC Buggenhout, Belgium",,+32 475 34 71 74,Closed,4:45–10 PM,4:45–10 PM,4:45–10 PM,4:45–11 PM,4:45–11 PM,Closed,Closed today,https://lh5.googleusercontent.com/p/AF1QipNEL-s2_69PoTKA_2SI9bbiR9DP51Admlskbog=w426-h240-k-no,true,51.01606249999999,4.201062499999992,"https://www.google.be/maps/search/frituur/@51.0195473,4.1568624,11.89z?entry=ttu",2023-06-19T14:04:15.060Z,
https://www.google.be/maps/place/Het+Nieuw+Patatje/data=!4m7!3m6!1s0x47c39a6330a69f29:0x23255fe2332cb4e1!8m2!3d51.0648876!4d4.0275069!16s%2Fg%2F11ghfbvwkb!19sChIJKZ-mMGOaw0cR4bQsM-JfJSM,Het Nieuw Patatje,4.5,63,Frituur,· Dine-in · Kerbside pickup · Delivery,"Julie billiart plein, 9240 Zele, Belgium","327H+X2 Zele, Belgium",http://www.hetnieuwpatatje.be/,+32 495 15 33 95,5–9 PM,5–9 PM,Closed,Closed,"11:30 AM–1:30 PM, 5–9 PM",5–9 PM,5–9 PM,Closed,https://lh5.googleusercontent.com/p/AF1QipMEEZZRWO8YUCUn1LsxuJEWCWdpewqhZCuSnXPr=w426-h240-k-no,true,51.0649375,4.027562500000002,"https://www.google.be/maps/search/frituur/@51.0195473,4.1568624,11.89z?entry=ttu",2023-06-19T14:04:21.582Z,
https://www.google.be/maps/place/Frite+Nonante/data=!4m7!3m6!1s0x47c3ed0de9a7aa29:0x6e6c693bb4cc2c81!8m2!3d51.0758833!4d4.2823833!16s%2Fg%2F1w345sg5!19sChIJKaqn6Q3tw0cRgSzMtDtpbG4,Frite Nonante,4.4,125,Frituur,· Dine-in · Takeaway · Delivery,"Hoogstraat 90, 2870 Puurs-Sint-Amands, Belgium","37GJ+9X Puurs-Sint-Amands, Belgium",https://www.openingsurengids.be/frite-nonante/puurs/1,+32 3 889 11 62,Closed,Closed,"11:30 AM–1 PM, 4:30–9 PM","11:30 AM–1 PM, 4:30–9 PM","11:30 AM–1 PM, 4:30–9 PM","11:30 AM–1 PM, 4:30–9 PM",4:30–9 PM,Closed today,https://lh5.googleusercontent.com/p/AF1QipMFg0U3Xpp8X8C-x_IqC-pHlET6B2IobvmGkuPK=w426-h240-k-no,false,51.07593750000002,4.2824375,"https://www.google.be/maps/search/frituur/@51.0195473,4.1568624,11.89z?entry=ttu",2023-06-19T14:04:28.167Z,
https://www.google.be/maps/place/Frituur+%27t+Pleintje/data=!4m7!3m6!1s0x47c3914830e3b25d:0xffc21d144983959a!8m2!3d51.0317459!4d4.1120433!16s%2Fg%2F1pxw2jp1z!19sChIJXbLjMEiRw0cRmpWDSRQdwv8,Frituur 't Pleintje,4.6,75,Frituur,· Dine-in · Takeaway · No-contact delivery,"Ommegancklaan 10, 9200 Dendermonde, Belgium","24J6+MR Dendermonde, Belgium",https://www.facebook.com/Frituur.claus/,+32 52 55 66 48,Closed,Closed,5–9 PM,5–9 PM,5–10 PM,5–9 PM,5–9 PM,Closed today,https://lh5.googleusercontent.com/p/AF1QipNLebQwJU1WP0FZ0rUoPaT3vOC8Tm4urvM_uHLw=w426-h240-k-no,true,51.03168749999999,4.112062499999993,"https://www.google.be/maps/search/frituur/@51.0195473,4.1568624,11.89z?entry=ttu",2023-06-19T14:04:33.938Z,
https://www.google.be/maps/place/Tast%27oe/data=!4m7!3m6!1s0x47c39bc804b6b53f:0x3f2c83da50a6fefc!8m2!3d51.0488589!4d3.9764909!16s%2Fg%2F11b5phxxn5!19sChIJP7W2BMibw0cR_P6mUNqDLD8,Tast'oe,4.5,268,Frituur,· Dine-in · Takeaway · Delivery,"Donklaan 269, 9290 Berlare, Belgium","2XXG+GH Berlare, Belgium",http://www.frituur-tastoe.be/,+32 471 90 55 32,Closed,Closed,"11:30 AM–2 PM, 5–10 PM","11:30 AM–2 PM, 5–10 PM","11:30 AM–2 PM, 5–11 PM","11:30 AM–2 PM, 5–11 PM","11:30 AM–2 PM, 5–10 PM",Closed today,https://lh5.googleusercontent.com/p/AF1QipPsOqqkupcgMM8VaUc8GDPgSoh3l6OH2lBdNmMy=w408-h406-k-no,true,51.04881250000001,3.9764374999999887,"https://www.google.be/maps/search/frituur/@51.0195473,4.1568624,11.89z?entry=ttu",2023-06-19T14:04:40.449Z,
https://www.google.be/maps/place/Frituur+Tipzaksken/data=!4m7!3m6!1s0x47c397ef5f5ce79f:0xeee1a511a2780017!8m2!3d50.9530147!4d4.0421285!16s%2Fg%2F1xgz9y_9!19sChIJn-dcX--Xw0cRFwB4ohGl4e4,Frituur Tipzaksken,4.5,91,Frituur,· Dine-in · Takeaway · Delivery,"Bredestraat 123, 9300 Aalst, Belgium","X23R+6V Aalst, Belgium",https://www.facebook.com/Frituur-Tipzaksken-192532360757339/,+32 53 41 44 11,Closed,Closed,5–9 PM,5–9 PM,"11:45 AM–1:30 PM, 5–9:45 PM",5–9 PM,5–9 PM,Closed today,https://lh5.googleusercontent.com/p/AF1QipPrmZpsFb6UHMyirBQSQkiLOgWUb1y56PicfoSP=w408-h335-k-no,true,50.95306249999997,4.042187499999997,"https://www.google.be/maps/search/frituur/@51.0195473,4.1568624,11.89z?entry=ttu",2023-06-19T14:04:46.199Z,LGBTQ+ friendly
https://www.google.be/maps/place/Frituur+De+Linde/data=!4m7!3m6!1s0x47c395a9f18668cd:0xce45f3d711000864!8m2!3d51.0096333!4d4.1856214!16s%2Fg%2F11fhr1p18_!19sChIJzWiG8amVw0cRZAgAEdfzRc4,Frituur De Linde,4.6,16,Frituur,· Dine-in · Takeaway · Delivery,"Hanenstraat 207, 9255 Buggenhout, Belgium","255P+V6 Buggenhout, Belgium",https://www.openingsuren.vlaanderen/frituren/9255-buggenhout,,,,,,,,,,https://streetviewpixels-pa.googleapis.com/v1/thumbnail?panoid=taiYThuv1-Wrbziv4f8u1A&cb_client=search.gws-prod.gps&w=408&h=240&yaw=151.28348&pitch=0&thumbfov=100,true,51.0096875,4.185562499999989,"https://www.google.be/maps/search/frituur/@51.0195473,4.1568624,11.89z?entry=ttu",2023-06-19T14:04:51.294Z,
https://www.google.be/maps/place/%27%27T+Snacksken%27/data=!4m7!3m6!1s0x47c39774fb5a0b35:0x1f2a1ce70eb08c29!8m2!3d50.9500179!4d4.0635318!16s%2Fg%2F11h0_sfmv2!19sChIJNQta-3SXw0cRKYywDuccKh8,'T Snacksken,4.7,49,Frituur,· Dine-in · Takeaway · Delivery,"Fonteinstraat 1, 9300 Aalst, Belgium","X327+2C Aalst, Belgium",,+32 53 78 45 33,,,,,,,,,https://streetviewpixels-pa.googleapis.com/v1/thumbnail?panoid=LVm73fUtyC63eDX3AXLbkQ&cb_client=search.gws-prod.gps&w=408&h=240&yaw=236.18684&pitch=0&thumbfov=100,false,50.95006249999999,4.063562500000003,"https://www.google.be/maps/search/frituur/@51.0195473,4.1568624,11.89z?entry=ttu",2023-06-19T14:04:56.578Z,
https://www.google.be/maps/place/Frituur+Stintjes/data=!4m7!3m6!1s0x47c399e7b5ce3bd5:0x48bae19f21a2be!8m2!3d51.0081956!4d4.0217729!16s%2Fg%2F1jkx_y9nd!19sChIJ1TvOteeZw0cRvqIhn-G6SAA,Frituur Stintjes,4.3,163,Frituur,· Dine-in · Takeaway · Delivery,"Eegene 142A, 9200 Dendermonde, Belgium","225C+7P Dendermonde, Belgium",http://www.stintjesone2three.be/,+32 486 96 50 89,Closed,Closed,"11:30 AM–2 PM, 5–9 PM","11:30 AM–2 PM, 5–9 PM","11:30 AM–2 PM, 5–10 PM","12–2 PM, 5–10 PM",5–9 PM,Closed today,https://lh5.googleusercontent.com/p/AF1QipO9SG5CJNpEp7Ts9b7_m1eOAsbtBpZTRijs427N=w408-h306-k-no,true,51.008187500000005,4.021812499999996,"https://www.google.be/maps/search/frituur/@51.0195473,4.1568624,11.89z?entry=ttu",2023-06-19T14:05:02.952Z,
https://www.google.be/maps/place/Frituur+Milo/data=!4m7!3m6!1s0x47c3bd5cf84f43b9:0xf83a08532c9c61c2!8m2!3d50.9345533!4d4.0432277!16s%2Fg%2F11cmtzhb03!19sChIJuUNP-Fy9w0cRwmGcLFMIOvg,Frituur Milo,3.6,96,Frituur,· Dine-in · Takeaway · Delivery,"Houtmarkt 24, 9300 Aalst, Belgium","W2MV+R7 Aalst, Belgium",http://www.frietuurmilo.be/,+32 493 93 09 11,"11 AM–2 PM, 5–10 PM",Closed,"11 AM–2 PM, 5–10 PM","11 AM–2 PM, 5–10 PM","11 AM–2 PM, 5–11 PM",5–10 PM,5–10 PM,Closed,https://lh5.googleusercontent.com/p/AF1QipPnmGfqwTlNQYCrMN-zoxrE6bJxZ6Ux-9iXSAZG=w408-h544-k-no,true,50.93456250000001,4.043187500000002,"https://www.google.be/maps/search/frituur/@51.0195473,4.1568624,11.89z?entry=ttu",2023-06-19T14:05:09.725Z,
https://www.google.be/maps/place/Frituur+%27t+Vuystjen/data=!4m7!3m6!1s0x47c39a7cd1e12aa1:0x44924aaaa8d0271!8m2!3d51.0651069!4d4.0287645!16s%2Fg%2F11g07xz2jy!19sChIJoSrh0Xyaw0cRcQKNqqokSQQ,Frituur 't Vuystjen,4.5,31,Frituur,· Dine-in · Takeaway · Delivery,"Kouterstraat 91, 9240 Zele, Belgium","328H+2G Zele, Belgium",https://www.openingsurengids.be/frituur-t-vuystjen/zele/1,,Closed,Closed,"11:30 AM–1:30 PM, 5:30–10 PM","11:30 AM–1:30 PM, 5:30–10 PM","11:30 AM–1:30 PM, 5:30–10 PM","11:30 AM–1:30 PM, 5–10 PM","11:30 AM–1:30 PM, 5–10 PM",Closed today,https://streetviewpixels-pa.googleapis.com/v1/thumbnail?panoid=8xKk7phx1fxMSSM8ufTgBw&cb_client=search.gws-prod.gps&w=408&h=240&yaw=214.93343&pitch=0&thumbfov=100,false,51.065062499999996,4.028812500000001,"https://www.google.be/maps/search/frituur/@51.0195473,4.1568624,11.89z?entry=ttu",2023-06-19T14:05:15.495Z,
https://www.google.be/maps/place/Frituur+Het+Perron/data=!4m7!3m6!1s0x47c0d3e78abaa34f:0x3c84bd0e0d153aca!8m2!3d51.0772576!4d4.2818694!16s%2Fg%2F11bt_hld_6!19sChIJT6O6iufTwEcRyjoVDQ69hDw,Frituur Het Perron,3.4,88,Frituur,· Dine-in · Takeaway · Delivery,"Stationsstraat 41, 2870 Puurs-Sint-Amands, Belgium","37GJ+WP Puurs-Sint-Amands, Belgium",http://www.facebook.com/PerronPuurs,,"11:30 AM–1:30 PM, 4:30–10 PM","11:30 AM–1:30 PM, 4:30–10 PM","11:30 AM–1:30 PM, 4:30–10 PM",Closed,"11:30 AM–1:30 PM, 4:30–11 PM",4:30–11 PM,4:30–10 PM,Closed,https://lh5.googleusercontent.com/p/AF1QipOt4D631NRuRPNtgMS04f8tSaHO9LDXk3KpAwwZ=w408-h544-k-no,false,51.07731250000002,4.281812499999987,"https://www.google.be/maps/search/frituur/@51.0195473,4.1568624,11.89z?entry=ttu",2023-06-19T14:05:20.952Z,
https://www.google.be/maps/place/Frituur+Chris+En+John/data=!4m7!3m6!1s0x47c39654a03846dd:0x91c89f780e9098e7!8m2!3d50.9780535!4d4.0794572!16s%2Fg%2F11cs2x28m_!19sChIJ3UY4oFSWw0cR55iQDnifyJE,Frituur Chris En John,4.4,34,Frituur,· Dine-in · Takeaway · Delivery,"Schrovestraat 15, 9280 Lebbeke, Belgium","X3HH+6Q Lebbeke, Belgium",,,Closed,Closed,Closed,Closed,5 PM–12 AM,5 PM–12 AM,5–11:30 PM,Closed today,https://streetviewpixels-pa.googleapis.com/v1/thumbnail?panoid=vgoQ36t32ym5ExCnMBOf_Q&cb_client=search.gws-prod.gps&w=408&h=240&yaw=287.7428&pitch=0&thumbfov=100,false,50.97806249999998,4.079437500000026,"https://www.google.be/maps/search/frituur/@51.0195473,4.1568624,11.89z?entry=ttu",2023-06-19T14:05:27.035Z,
https://www.google.be/maps/place/Frinket/data=!4m7!3m6!1s0x47c398f9a9fd58b7:0x4b8a7c1eff8d6a36!8m2!3d50.9788083!4d3.9749417!16s%2Fg%2F11b69xc2k0!19sChIJt1j9qfmYw0cRNmqN_x58iks,Frinket,4.7,251,Frituur,· Dine-in · Takeaway · Delivery,"Wichelsesteenweg 173, 9340 Lede, Belgium","XXHF+GX Lede, Belgium",https://facebook.com/tfrinket,,Closed,4:30–10:30 PM,"11:30 AM–1:30 PM, 4:30–10:30 PM",4:30–10:30 PM,"11:30 AM–1:30 PM, 4:30–10:30 PM",Closed,Closed,Closed today,https://lh5.googleusercontent.com/p/AF1QipPIZetgKhl9Gd_1l50KfjuRwEiDmHiAnUIbwynV=w408-h306-k-no,true,50.97881249999999,3.974937499999996,"https://www.google.be/maps/search/frituur/@51.0195473,4.1568624,11.89z?entry=ttu",2023-06-19T14:05:34.241Z,
https://www.google.be/maps/place/Bar-o-frit/data=!4m7!3m6!1s0x47c3959b549a7ba1:0xa66eb66e78fb3ad2!8m2!3d51.0133329!4d4.2023071!16s%2Fg%2F11rjj7qcfv!19sChIJoXuaVJuVw0cR0jr7eG62bqY,Bar-o-frit,4.7,17,Frituur,· Dine-in · Takeaway · Delivery,"Maalderijstraat 2, 9255 Buggenhout, Belgium","2672+8W Buggenhout, Belgium",https://www.facebook.com/fastfoodrestau,+32 476 78 89 96,Closed,Closed,"11:30 AM–2 PM, 4:30–9 PM",4:30–9 PM,4:30–9:30 PM,4:30–9:30 PM,4:30–9 PM,Closed today,https://streetviewpixels-pa.googleapis.com/v1/thumbnail?panoid=9OinywTabEb38xC5wpcVuQ&cb_client=search.gws-prod.gps&w=408&h=240&yaw=206.03772&pitch=0&thumbfov=100,false,51.0133125,4.202312499999991,"https://www.google.be/maps/search/frituur/@51.0195473,4.1568624,11.89z?entry=ttu",2023-06-19T14:05:41.442Z,
https://www.google.be/maps/place/Frituur+Lowie/data=!4m7!3m6!1s0x47c397f0fc46f855:0xa56f4cfde95594c6!8m2!3d50.955641!4d4.0338783!16s%2Fg%2F11bz_yctbm!19sChIJVfhG_PCXw0cRxpRV6f1Mb6U,Frituur Lowie,4.4,206,Frituur,· Dine-in · Takeaway · Delivery,"Hendrik Consciencestraat 2, 9308 Aalst, Belgium","X24M+7H Aalst, Belgium",https://eumap.top/frituur-lowie,,Closed,"11:30 AM–1:30 PM, 5–10 PM","11:30 AM–1:30 PM, 5–10 PM","11:30 AM–1:30 PM, 5–10 PM","11:30 AM–1:30 PM, 4:30–10 PM","11:30 AM–1:30 PM, 5–10 PM",5–9:30 PM,Closed today,https://lh5.googleusercontent.com/p/AF1QipNx40Iv_k9Fwx0TfU8TQB6Yvlw_S99OLYIDAR9v=w426-h240-k-no,true,50.955687499999996,4.033937499999993,"https://www.google.be/maps/search/frituur/@51.0195473,4.1568624,11.89z?entry=ttu",2023-06-19T14:05:49.064Z,
https://www.google.be/maps/place/Frituur+Den+Drypikkel/data=!4m7!3m6!1s0x47c3eac6e6a4567f:0xaa624325865cbc9a!8m2!3d50.9592951!4d4.2423748!16s%2Fg%2F11cr_f2__3!19sChIJf1ak5sbqw0cRmrxchiVDYqo,Frituur Den Drypikkel,4.5,160,Frituur,· Dine-in · Takeaway · Delivery,"Wolvertemsesteenweg 73, 1785 Merchtem, Belgium","X65R+PW Merchtem, Belgium",https://www.facebook.com/Frituur-Den-Drypikkel-256765294346811/,+32 477 31 37 23,Closed,"11:45 AM–1:30 PM, 5–9 PM","11:45 AM–1:30 PM, 5–9 PM","11:45 AM–1:30 PM, 5–9 PM","11:45 AM–1:30 PM, 5–10 PM",5–10 PM,5–10 PM,Closed today,https://lh5.googleusercontent.com/p/AF1QipMTIzTrLC391jd0S65DAOp6VlPQkuXkOQxjWf7H=w426-h240-k-no,true,50.95931249999997,4.242312499999983,"https://www.google.be/maps/search/frituur/@51.0195473,4.1568624,11.89z?entry=ttu",2023-06-19T14:05:56.419Z,
https://www.google.be/maps/place/Friethal/data=!4m7!3m6!1s0x47c396ce92e0ccdf:0x4537a515e475094b!8m2!3d51.0176292!4d4.1003946!16s%2Fg%2F11bv38hng_!19sChIJ38zgks6Ww0cRSwl15BWlN0U,Friethal,4.6,84,Frituur,· Dine-in · Takeaway · Delivery,"Van Langenhovestraat 188, 9200 Dendermonde, Belgium","2492+35 Dendermonde, Belgium",http://www.defriethal.be/,+32 476 37 12 06,Closed,Closed,5–9:30 PM,5–9:30 PM,5–10 PM,5–9:30 PM,5–9:30 PM,Closed today,https://lh5.googleusercontent.com/p/AF1QipMgw-ogipNP7Kgf8WG4d0O1IgUpDnbAJyaK_xB8=w426-h240-k-no,true,51.01768750000001,4.100437499999984,"https://www.google.be/maps/search/frituur/@51.0195473,4.1568624,11.89z?entry=ttu",2023-06-19T14:06:03.248Z,
https://www.google.be/maps/place/Frituur+Silly+Wood+City/data=!4m7!3m6!1s0x47c3955e4a892c43:0x3b3307dba1c8d3e4!8m2!3d50.9556535!4d4.1866873!16s%2Fg%2F11rd8dcq44!19sChIJQyyJSl6Vw0cR5NPIodsHMzs,Frituur Silly Wood City,2.9,16,Frituur,· Dine-in · Takeaway,"Steenweg op Vilvoorde 183, 1745 Opwijk, Belgium","X54P+7M Opwijk, Belgium",https://sillywoodcity.be/,+32 52 20 28 36,Closed,Closed,Closed,Closed,11 AM–10:30 PM,11 AM–10 PM,11 AM–10 PM,Closed today,https://lh5.googleusercontent.com/p/AF1QipNyyM55cGnc4yvq00VJOT6op0WiWGIFVAZAJui2=w408-h306-k-no,true,50.955687499999996,4.186687499999991,"https://www.google.be/maps/search/frituur/@51.0195473,4.1568624,11.89z?entry=ttu",2023-06-19T14:06:08.809Z,
https://www.google.be/maps/place/%27%27t+Streek%27/data=!4m7!3m6!1s0x47c3965863dc2809:0x87f03ca6cd3b4c43!8m2!3d50.9815614!4d4.0945249!16s%2Fg%2F1tfcbbd6!19sChIJCSjcY1iWw0cRQ0w7zaY88Ic,'t Streek,4.4,42,Frituur,· Dine-in · Takeaway · Delivery,"Streekbaan 18A, 9280 Lebbeke, Belgium","X3JV+JR Lebbeke, Belgium",,+32 476 73 99 78,Closed,Closed,5–9 PM,5–9 PM,"11:30 AM–1:30 PM, 5–9:30 PM",5–9 PM,Closed,Closed today,https://lh5.googleusercontent.com/p/AF1QipPSvUxRSmG8QQIbwqEUI_RCUH_Ik-A-ssty84Hl=w426-h240-k-no,true,50.98156249999998,4.094562500000009,"https://www.google.be/maps/search/frituur/@51.0195473,4.1568624,11.89z?entry=ttu",2023-06-19T14:06:15.423Z,
https://www.google.be/maps/place/Frituur+Yvonne/data=!4m7!3m6!1s0x47c3eb940bd346c9:0x18e529abdd42ed83!8m2!3d51.0009628!4d4.3020328!16s%2Fg%2F11h7zffgpd!19sChIJyUbTC5Trw0cRg-1C3asp5Rg,Frituur Yvonne,3.6,17,Frituur,· Dine-in · Takeaway · Delivery,"Brusselsestraat 9, 1840 Londerzeel, Belgium","2822+9R Londerzeel, Belgium",https://www.openingsurengids.be/frituur-yvonne/londerzeel/1,,,,,,,,,,https://lh5.googleusercontent.com/p/AF1QipOSfLmv4NkM-8kLj0VZiM5Pm2XtnD4tUaM91L2b=w408-h544-k-no,false,51.000937500000006,4.302062500000019,"https://www.google.be/maps/search/frituur/@51.0195473,4.1568624,11.89z?entry=ttu",2023-06-19T14:06:21.893Z,
https://www.google.be/maps/place/Frituur+Vlierkouter/data=!4m7!3m6!1s0x47c3914e59ff9e3f:0x6dfcbfe4226d30a2!8m2!3d51.0897269!4d4.1318334!16s%2Fg%2F11h1k_vynp!19sChIJP57_WU6Rw0cRojBtIuS__G0,Frituur Vlierkouter,4.5,55,Frituur,· Dine-in · Takeaway · Delivery,"Vlierkouter 1, 9220 Hamme, Belgium","34QJ+VP Hamme, Belgium",,,Closed,Closed,5–10 PM,5–10 PM,5–10 PM,5–10 PM,5–10 PM,Closed today,https://lh5.googleusercontent.com/p/AF1QipPkuKW9S54bv8-EL3ThC3_awrKHrcZ-U1lBIVrM=w426-h240-k-no,false,51.08968750000001,4.131812499999981,"https://www.google.be/maps/search/frituur/@51.0195473,4.1568624,11.89z?entry=ttu",2023-06-19T14:06:26.778Z,
https://www.google.be/maps/place/Frituur+Elien/data=!4m7!3m6!1s0xcac9f187937d6ef:0xb706a5c32a122513!8m2!3d50.9586364!4d4.3429986!16s%2Fg%2F11p67g9lwd!19sChIJ79Y3eRifrAwREyUSKsOlBrc,Frituur Elien,4.6,41,Frituur,· Dine-in · Takeaway · Delivery,"Kapellelaan 346, 1860 Meise, Belgium","X85V+F5 Meise, Belgium",,+32 2 307 37 73,10 AM–1:30 PM,10 AM–1:30 PM,"10 AM–1:30 PM, 5–9 PM","10 AM–1:30 PM, 5–9 PM","10 AM–1:30 PM, 5–10 PM",5–9 PM,Closed,Closed,https://lh5.googleusercontent.com/p/AF1QipONXzI7diqQFvPQ5mejKyh70MI7FAzYLjI2fBqR=w408-h461-k-no,true,50.95868749999998,4.342937499999991,"https://www.google.be/maps/search/frituur/@51.0195473,4.1568624,11.89z?entry=ttu",2023-06-19T14:06:33.101Z,
https://www.google.be/maps/place/Frituur+Ros+Bayard/data=!4m7!3m6!1s0x47c391316674229d:0xfc6e48b7f6c1a79f!8m2!3d51.0297017!4d4.1028249!16s%2Fg%2F11bxf3_gr7!19sChIJnSJ0ZjGRw0cRn6fB9rdIbvw,Frituur Ros Bayard,4.4,283,Frituur,· Dine-in · Takeaway · Delivery,"Oude Vest 94, 9200 Dendermonde, Belgium","24H3+V4 Dendermonde, Belgium",http://www.rosbayard.be/,+32 52 21 46 00,"11:30 AM–1:30 PM, 4:30–9:30 PM","11:30 AM–1:30 PM, 4:30–9:30 PM","11:30 AM–1:30 PM, 4:30–9:30 PM","11:30 AM–1:30 PM, 4:30–9:30 PM","11:30 AM–1:30 PM, 4:30–10 PM","11:30 AM–1:30 PM, 4:30–9:30 PM",4:30–9:30 PM,Closed,https://lh5.googleusercontent.com/p/AF1QipOlS4S-LYzLeFaa8jHxsLem8P8TIvg43lNyHiOg=w408-h272-k-no,true,51.02968750000001,4.102812499999985,"https://www.google.be/maps/search/frituur/@51.0195473,4.1568624,11.89z?entry=ttu",2023-06-19T14:06:40.461Z,
https://www.google.be/maps/place/Frituur+Leireken/data=!4m7!3m6!1s0x47c394d40b1fc373:0x645254cc9253dc02!8m2!3d50.9828124!4d4.2242059!16s%2Fg%2F11ckv9syx5!19sChIJc8MfC9SUw0cRAtxTksxUUmQ,Frituur Leireken,4.5,161,Frituur,,"Sint Huybrechtstraat 5, 1785 Merchtem, Belgium","X6MF+4M Merchtem, Belgium",https://frituur-leireken.unipage.eu/,+32 52 34 30 71,Closed,Closed,5–9 PM,5–9 PM,5–9 PM,5–9 PM,5–8:30 PM,Closed today,https://lh5.googleusercontent.com/p/AF1QipMT7k0nP_VRJU5QaGcuIMsv_NJGpBhYHoqUDvtH=w426-h240-k-no,true,50.98281249999998,4.224187499999985,"https://www.google.be/maps/search/frituur/@51.0195473,4.1568624,11.89z?entry=ttu",2023-06-19T14:06:47.768Z,
https://www.google.be/maps/place/Friet+City/data=!4m7!3m6!1s0x47c3bd44081735cb:0xf58c7a9bbd03436a!8m2!3d50.9426747!4d4.0382409!16s%2Fg%2F11bw5syb39!19sChIJyzUXCES9w0cRakMDvZt6jPU,Friet City,4.4,73,Frituur,,"Vooruitgangstraat 1, 9300 Aalst, Belgium","W2VQ+37 Aalst, Belgium",,+32 486 65 71 93,5–10 PM,5–10 PM,Closed,5–10 PM,"12–2 PM, 5–10 PM","12–2 PM, 5–10 PM","12–2 PM, 5–10 PM",Closed,https://lh5.googleusercontent.com/p/AF1QipPV0FRTFm9iFArebBvgN_Ya3-575kshwFcPdp9_=w408-h306-k-no,true,50.94268749999999,4.0381875000000065,"https://www.google.be/maps/search/frituur/@51.0195473,4.1568624,11.89z?entry=ttu",2023-06-19T14:06:56.150Z,
https://www.google.be/maps/place/Frituur+Den+Broekkant/data=!4m7!3m6!1s0x47c393ea46b9a68b:0x687a7706b1f62d6c!8m2!3d51.0412295!4d4.1582177!16s%2Fg%2F11bxf2ycgk!19sChIJi6a5RuqTw0cRbC32sQZ3emg,Frituur Den Broekkant,4.6,68,Fast food restaurant,· Dine-in · Takeaway · Delivery,"Broekkantstraat 130, 9200 Dendermonde, Belgium","25R5+F7 Dendermonde, Belgium",https://www.denbroekkant.be/,+32 471 28 23 50,Closed,Closed,5–8:30 PM,5–8:30 PM,5–9 PM,5–9 PM,Closed,Closed today,https://lh5.googleusercontent.com/p/AF1QipOwMcBj22y48Xhln1QqeaxErO1EGuy3ac2YXWlF=w426-h240-k-no,false,51.04118749999999,4.158187500000011,"https://www.google.be/maps/search/frituur/@51.0195473,4.1568624,11.89z?entry=ttu",2023-06-19T14:07:04.679Z,
https://www.google.be/maps/place/Frituur+Den+Dries+ONLINE/data=!4m7!3m6!1s0x47c3eb2e000fd8f7:0x7e9b77a37390b5ed!8m2!3d50.9485388!4d4.3150958!16s%2Fg%2F11hf3m_2zy!19sChIJ99gPAC7rw0cR7bWQc6N3m34,Frituur Den Dries ONLINE,4.5,17,Frituur,,"Albert I-promenade 65 A/bus 42, 8400 Oostende, Belgium","W8X8+C2 Meise, Belgium",http://www.frituurdendries.be/,+32 473 82 65 90,Closed,Closed,5:15–8 PM,Closed,5:15–8 PM,Closed,5:15–8 PM,Closed today,https://streetviewpixels-pa.googleapis.com/v1/thumbnail?panoid=dc5dY4Ww4IaWjnDD0Q16_Q&cb_client=search.gws-prod.gps&w=408&h=240&yaw=13.44809&pitch=0&thumbfov=100,false,50.94856250000002,4.315062499999996,"https://www.google.be/maps/search/frituur/@51.0195473,4.1568624,11.89z?entry=ttu",2023-06-19T14:07:12.495Z,
https://www.google.be/maps/place/Frituur+d%27Aa/data=!4m7!3m6!1s0x47c3ec7b3956e505:0x2bdd639a2f70c6cb!8m2!3d51.0265963!4d4.2941504!16s%2Fg%2F11c6s0hssl!19sChIJBeVWOXvsw0cRy8ZwL5pj3Ss,Frituur d'Aa,4.3,95,Frituur,· Dine-in · Takeaway · Delivery,"Topmolen 128, 1840 Londerzeel, Belgium","27GV+JM Londerzeel, Belgium",https://frituurdaa.one2three.be/,+32 52 52 40 14,Closed,Closed,5–9 PM,5–9 PM,4:30–9:30 PM,5–9 PM,5–9 PM,Closed today,https://lh5.googleusercontent.com/p/AF1QipN7xUABDCuB1SmdeTWOvcKTuca-6A09B9F0a0xD=w426-h240-k-no,true,51.0265625,4.294187499999978,"https://www.google.be/maps/search/frituur/@51.0195473,4.1568624,11.89z?entry=ttu",2023-06-19T14:07:18.340Z,
https://www.google.be/maps/place/Fritas/data=!4m7!3m6!1s0x47c396b5daa93edb:0xbe44f016c6b2fc4b!8m2!3d51.0189668!4d4.1117002!16s%2Fg%2F11bzt80pn4!19sChIJ2z6p2rWWw0cRS_yyxhbwRL4,Fritas,4.7,258,Frituur,· Dine-in · Takeaway · Delivery,"Sint Gillislaan 135, 9200 Dendermonde, Belgium","2496+HM Dendermonde, Belgium",https://fritas.be/,+32 497 44 11 70,4:30–10 PM,4:30–10 PM,4:30–10 PM,4:30–10 PM,"11:30 AM–2 PM, 4:30–11 PM",11:30 AM–10 PM,Closed,Closed,https://lh5.googleusercontent.com/p/AF1QipNNScE9l-3tVbnlL59-h3WNoHc9SFup_7Xoceoi=w408-h306-k-no,true,51.01893750000001,4.111687499999974,"https://www.google.be/maps/search/frituur/@51.0195473,4.1568624,11.89z?entry=ttu",2023-06-19T14:07:25.584Z,
https://www.google.be/maps/place/De+Frietstop/data=!4m7!3m6!1s0x47c39844999ea52b:0x90504819b0ec3cf6!8m2!3d50.9708617!4d3.9916655!16s%2Fg%2F11bzx1g45z!19sChIJK6WemUSYw0cR9jzssBlIUJA,De Frietstop,4.0,1,Frituur,,"Bremenhulweg 56, 9340 Lede, Belgium","XXCR+8M Lede, Belgium",,+32 53 39 81 36,,,,,,,,,https://streetviewpixels-pa.googleapis.com/v1/thumbnail?panoid=YrNJA70A1kyyyYDlF_3lLA&cb_client=search.gws-prod.gps&w=408&h=240&yaw=284.14838&pitch=0&thumbfov=100,false,50.97081250000001,3.991687499999969,"https://www.google.be/maps/search/frituur/@51.0195473,4.1568624,11.89z?entry=ttu",2023-06-19T14:07:31.577Z,
https://www.google.be/maps/place/Frietshop/data=!4m7!3m6!1s0x47c3935b1ac3f8cf:0x25c3219b5955077b!8m2!3d51.0282488!4d4.2201538!16s%2Fg%2F11j08bcqdw!19sChIJz_jDGluTw0cRewdVWZshwyU,Frietshop,4.3,6,Frituur,· Dine-in · Takeaway · Delivery,"Dries 34, 9255 Buggenhout, Belgium","26HC+73 Buggenhout, Belgium",https://www.buggenhout.be/bedrijven/detail/90/frituur-de-frietshop-opdorp,+32 477 64 27 11,Closed,Closed,Closed,Closed,4:30–10 PM,5–10 PM,5–10 PM,Closed today,https://streetviewpixels-pa.googleapis.com/v1/thumbnail?panoid=GG6ntUGzf8_nTw6ln2uQNg&cb_client=search.gws-prod.gps&w=408&h=240&yaw=87.41013&pitch=0&thumbfov=100,false,51.028187500000016,4.220187499999994,"https://www.google.be/maps/search/frituur/@51.0195473,4.1568624,11.89z?entry=ttu",2023-06-19T14:07:39.626Z,
https://www.google.be/maps/place/Kelly%27s+frituur/data=!4m7!3m6!1s0x47c399471f0f4455:0x32ae818b1d6176ed!8m2!3d51.0157863!4d4.0057315!16s%2Fg%2F11rq7ttc3f!19sChIJVUQPH0eZw0cR7XZhHYuBrjI,Kelly's frituur,4.4,44,Frituur,· Dine-in · Takeaway · Delivery,"Emiel Hertecantlaan 57a, 9290 Berlare, Belgium","2284+87 Berlare, Belgium",https://www.kellys-frituur.be/,+32 479 25 40 46,5–9 PM,Closed,Closed,5–9 PM,"11:30 AM–1:30 PM, 5–10 PM",5–10 PM,5–9 PM,Closed,https://lh5.googleusercontent.com/p/AF1QipOevcT8aiTbTO6GT1c7zHcF7hd29rm3Y9hOjuwa=w426-h240-k-no,true,51.015812499999996,4.005687500000008,"https://www.google.be/maps/search/frituur/@51.0195473,4.1568624,11.89z?entry=ttu",2023-06-19T14:07:47.525Z,Identifies as women-owned
https://www.google.be/maps/place/Frituur+Statie/data=!4m7!3m6!1s0x47c3913cf8609567:0x810d4e0c8a6d9030!8m2!3d51.0419499!4d4.103134!16s%2Fg%2F1vfzdbd9!19sChIJZ5Vg-DyRw0cRMJBtigxODYE,Frituur Statie,4.5,89,Frituur,,"Grootzand 133, 9200 Dendermonde, Belgium","24R3+Q7 Dendermonde, Belgium",https://www.openingsurengids.be/frituur-statie/dendermonde/1,+32 52 21 80 27,Closed,Closed,Closed,Closed,"11:30 AM–1:30 PM, 5–9 PM",5–9 PM,5:30–9 PM,Closed today,https://lh5.googleusercontent.com/p/AF1QipN6enyZDB_Dx5NiR1RQMFIlCQ9omP0XvYe8aoBj=w408-h306-k-no,false,51.0419375,4.103187500000004,"https://www.google.be/maps/search/frituur/@51.0195473,4.1568624,11.89z?entry=ttu",2023-06-19T14:07:54.637Z,
https://www.google.be/maps/place/Frituur+Den+Dries/data=!4m7!3m6!1s0x47c3ea3cf64795ed:0x48fa91c850e463e5!8m2!3d50.9572666!4d4.3099055!16s%2Fg%2F11cjhkm3ny!19sChIJ7ZVH9jzqw0cR5WPkUMiR-kg,Frituur Den Dries,4.5,520,Fast food restaurant,· Dine-in · Takeaway · Delivery,"Driesstraat 77, 1861 Meise, Belgium","X845+WX Meise, Belgium",http://www.frituurdendries.be/,+32 473 82 65 90,5–10:30 PM,"11:45 AM–1:15 PM, 5–10:30 PM","11:45 AM–1:15 PM, 5–10:30 PM","11:45 AM–1:15 PM, 5–10:30 PM","11:45 AM–1:15 PM, 4:45–11 PM",5–11 PM,5–10:30 PM,Closed,https://lh5.googleusercontent.com/p/AF1QipNHt72AwMJmzayMp62fadX6Siu7rc9XTqJTG-ZK=w426-h240-k-no,true,50.957312499999986,4.309937500000004,"https://www.google.be/maps/search/frituur/@51.0195473,4.1568624,11.89z?entry=ttu",2023-06-19T14:08:02.268Z,
https://www.google.be/maps/place/Switch/data=!4m7!3m6!1s0x47c397776b200c1b:0x51a4b952bf8bd82c!8m2!3d50.9879857!4d4.0436368!16s%2Fg%2F11ckksdtgj!19sChIJGwwga3eXw0cRLNiLv1K5pFE,Switch,4.2,125,Frituur,· Dine-in · Kerbside pickup · Delivery,"Pachthofstraat 100, 9308 Aalst, Belgium","X2QV+5F Aalst, Belgium",https://www.facebook.com/switchgijzegem/,+32 471 87 14 83,5:30–9 PM,5:30–9 PM,5:30–9 PM,5:30–9 PM,5–10 PM,5:30–9 PM,5:30–9 PM,Closed,https://lh5.googleusercontent.com/p/AF1QipNI34DeZ97u1bBPIQx1rVmXt3FJHc_-nk91SBKY=w426-h240-k-no,true,50.98793749999997,4.04368749999999,"https://www.google.be/maps/search/frituur/@51.0195473,4.1568624,11.89z?entry=ttu",2023-06-19T14:08:10.808Z,
https://www.google.be/maps/place/%27%27+t+klein+frituurken%27/data=!4m7!3m6!1s0x47c391f79611503f:0xd8245a272d73377e!8m2!3d51.0944851!4d4.143391!16s%2Fg%2F11hchz1_xn!19sChIJP1ARlveRw0cRfjdzLSdaJNg,' t klein frituurken,4.5,45,Frituur,· Dine-in · Takeaway · Delivery,"Tweebruggenplein 9220, 9220 Hamme, Belgium","34VV+Q9 Hamme, Belgium",https://t-klein-frituurken-kassa.unipage.eu/,,4:30–10 PM,Closed,4:30–10 PM,4:30 PM–12 AM,4:30 PM–12 AM,"11:30 AM–2 PM, 4:30 PM–12 AM","11:30 AM–2 PM, 4:30 PM–12 AM",Closed,https://lh5.googleusercontent.com/p/AF1QipMKTvaw6qhK6t9ZoERxee-LOa5u5lgNRuh1xW29=w408-h306-k-no,false,51.09443750000001,4.14343749999999,"https://www.google.be/maps/search/frituur/@51.0195473,4.1568624,11.89z?entry=ttu",2023-06-19T14:08:20.188Z,
https://www.google.be/maps/place/Frituur+De+Brug/data=!4m7!3m6!1s0x47c397f48dc9212b:0x8e6ec31738cbbb1b!8m2!3d50.9617618!4d4.0305461!16s%2Fg%2F11bzx3hjwh!19sChIJKyHJjfSXw0cRG7vLOBfDbo4,Frituur De Brug,4.6,141,Fast food restaurant,· Dine-in · Takeaway · No-contact delivery,"Zijpstraat 7A, 9308 Aalst, Belgium","X26J+P6 Aalst, Belgium",,+32 53 41 40 60,Closed,Closed,"11:30 AM–1:30 PM, 5–9:30 PM","11:30 AM–1:30 PM, 5–9:30 PM","11:30 AM–1:30 PM, 5–10 PM",5–10 PM,5–9 PM,Closed today,https://lh5.googleusercontent.com/p/AF1QipOQ6RRdYORUvYZoLuDJXHJ5Sx-UjA28DnWlAFJP=w408-h306-k-no,true,50.961812499999965,4.030562499999988,"https://www.google.be/maps/search/frituur/@51.0195473,4.1568624,11.89z?entry=ttu",2023-06-19T14:08:28.836Z,
https://www.google.be/maps/place/Frituur+%27t+Zandhof/data=!4m7!3m6!1s0x47c392b075feb8c3:0xae359dda6a5cc1ff!8m2!3d51.0909734!4d4.2328517!16s%2Fg%2F11fxcgb3q_!19sChIJw7j-dbCSw0cR_8FcatqdNa4,Frituur 't Zandhof,4.3,145,Restaurant,· Dine-in · Takeaway · Delivery,"Barelstraat 27, 2880 Bornem, Belgium","36RM+94 Bornem, Belgium",,,Closed,Closed,4:30–10:30 PM,4:30–10:30 PM,4:30–11 PM,4:30–11 PM,4:30–10 PM,Closed today,https://lh5.googleusercontent.com/p/AF1QipOXF345-JS9q7_iNaiQzuIAp48t0t-THJqVnPv3=w408-h306-k-no,false,51.09093750000001,4.23281249999998,"https://www.google.be/maps/search/frituur/@51.0195473,4.1568624,11.89z?entry=ttu",2023-06-19T14:08:36.097Z,
https://www.google.be/maps/place/Frituur+d%27Ursel/data=!4m7!3m6!1s0x47c3f2a0fa98d6cb:0x137cfe5e8e595fd9!8m2!3d51.1036775!4d4.2687369!16s%2Fg%2F11csbf2k61!19sChIJy9aY-qDyw0cR2V9Zjl7-fBM,Frituur d'Ursel,4.3,74,Fast food restaurant,· Dine-in · Takeaway · Delivery,"Edmond Vleminckxstraat 11, 2880 Bornem, Belgium","4739+FF Bornem, Belgium",https://www.frietjesonline.be/nl/page_assortiment_31.aspx?fid=116&dlvr=0,+32 471 13 21 83,Closed,Closed,4:30–9 PM,4:30–9 PM,4:30–9:30 PM,4:30–9:30 PM,4:30–9:30 PM,Closed today,https://lh5.googleusercontent.com/p/AF1QipMfdFZ0vaAdOIDXShnqsAKWlcRX4-thYSpqqxL0=w493-h240-k-no,true,51.10374999999999,4.268750000000011,"https://www.google.be/maps/search/frituur/@51.0195473,4.1568624,11.89z?entry=ttu",2023-06-19T14:08:45.193Z,
https://www.google.be/maps/place/de+boeftent+%28mobiel+frituur%29/data=!4m7!3m6!1s0x47c39382f0a9af6b:0xc9d31eef1b4a06df!8m2!3d51.0291855!4d4.183601!16s%2Fg%2F1vp6zbp7!19sChIJa6-p8IKTw0cR3wZKG-8e08k,de boeftent (mobiel frituur),4.3,7,Frituur,,"Provincialebaan 46, 9255 Buggenhout, Belgium","25HM+MC Buggenhout, Belgium",,+32 477 67 13 64,,,,,,,,,https://lh5.googleusercontent.com/p/AF1QipM1pvRT2ViL924516_3FD1RL4gA-AfZV_lAFFvN=w408-h305-k-no,true,51.02918749999999,4.183562500000008,"https://www.google.be/maps/search/frituur/@51.0195473,4.1568624,11.89z?entry=ttu",2023-06-19T14:08:53.333Z,LGBTQ+ friendly
https://www.google.be/maps/place/Frituur+De+Linde/data=!4m7!3m6!1s0x47c3eb9bb943450b:0x3b0714552488ca82!8m2!3d51.0029884!4d4.2905773!16s%2Fg%2F11bvcvdh8c!19sChIJC0VDuZvrw0cRgsqIJFUUBzs,Frituur De Linde,4.5,179,Frituur,· Dine-in · Takeaway · Delivery,"Linde 80, 1840 Londerzeel, Belgium","273R+56 Londerzeel, Belgium",https://fr-fr.facebook.com/www.frituurdelinde.be,,Closed,5–9 PM,5–9 PM,5–9 PM,5–9 PM,5–9 PM,Closed,Closed today,https://lh5.googleusercontent.com/p/AF1QipNzWqPvCVZVxTBW82_fmjOdMvGOKg9sXYazhB6s=w408-h544-k-no,true,51.00293749999999,4.290562499999979,"https://www.google.be/maps/search/frituur/@51.0195473,4.1568624,11.89z?entry=ttu",2023-06-19T14:09:01.374Z,
https://www.google.be/maps/place/De+Frietpot/data=!4m7!3m6!1s0x47c397d8535ac059:0x198d29fd64f4b812!8m2!3d50.9547805!4d4.0649728!16s%2Fg%2F11t5jg7p0p!19sChIJWcBaU9iXw0cRErj0ZP0pjRk,De Frietpot,4.3,21,Frituur,· Dine-in · Takeaway,"Botermelkstraat 108, 9300 Aalst, Belgium","X337+WX Aalst, Belgium",http://www.defrietpot.be/,,4:30–9:30 PM,Closed,4:30–9:30 PM,4:30–9:30 PM,4:30–9:30 PM,4:30–9:30 PM,11 AM–9:30 PM,Closed,https://streetviewpixels-pa.googleapis.com/v1/thumbnail?panoid=Yt2kOwk0tEsqfu_V4VXDYQ&cb_client=search.gws-prod.gps&w=408&h=240&yaw=283.9255&pitch=0&thumbfov=100,true,50.95481249999999,4.064937499999999,"https://www.google.be/maps/search/frituur/@51.0195473,4.1568624,11.89z?entry=ttu",2023-06-19T14:09:07.606Z,
https://www.google.be/maps/place/Steenhuyzen+Alain/data=!4m7!3m6!1s0x47c3ec22ceacd553:0x20b99a384eb11571!8m2!3d51.0389364!4d4.3262283!16s%2Fg%2F1pxwnqk2v!19sChIJU9WsziLsw0cRcRWxTjiauSA,Steenhuyzen Alain,5.0,1,Frituur,,"Veurtstraat 52, 2870 Puurs-Sint-Amands, Belgium","28QG+HF Puurs-Sint-Amands, Belgium",,+32 3 886 82 39,,,,,,,,,https://streetviewpixels-pa.googleapis.com/v1/thumbnail?panoid=5w324vOzDSWeacQFWk9MUw&cb_client=search.gws-prod.gps&w=408&h=240&yaw=33.718647&pitch=0&thumbfov=100,false,51.03893749999999,4.326187500000017,"https://www.google.be/maps/search/frituur/@51.0195473,4.1568624,11.89z?entry=ttu",2023-06-19T14:09:14.618Z,
https://www.google.be/maps/place/Frituur+%27t+Eiland/data=!4m7!3m6!1s0x47c3942f73dc1679:0x86933f35dffde728!8m2!3d50.9902029!4d4.1389408!16s%2Fg%2F11bzx1k_6g!19sChIJeRbccy-Uw0cRKOf93zU_k4Y,Frituur 't Eiland,4.1,127,Fast food restaurant,· Dine-in · Takeaway,"Opwijksestraat 119A, 9280 Lebbeke, Belgium","X4RQ+3H Lebbeke, Belgium",http://www.frituurteiland.be/,+32 471 25 43 18,Closed,5–9 PM,5–9 PM,5–9 PM,5–10 PM,5–9 PM,5–9 PM,Closed today,https://lh5.googleusercontent.com/p/AF1QipPUVZ_vfcbfonuSov80K2gf-CWui0WaLo3Qn91w=w408-h544-k-no,true,50.990187499999976,4.138937499999983,"https://www.google.be/maps/search/frituur/@51.0195473,4.1568624,11.89z?entry=ttu",2023-06-19T14:09:22.134Z,LGBTQ+ friendly
https://www.google.be/maps/place/Friet-licious/data=!4m7!3m6!1s0x47c394244bee10c1:0xe05dbece5f807007!8m2!3d50.9942221!4d4.1389222!16s%2Fg%2F11bzx21v4d!19sChIJwRDuSySUw0cRB3CAX86-XeA,Friet-licious,4.2,132,Fast food restaurant,· Dine-in · Takeaway · Delivery,"Rode-Kruisstraat 9, 9280 Lebbeke, Belgium","X4VQ+MH Lebbeke, Belgium",http://www.friet-licious.be/,+32 474 51 83 28,Closed,Closed,5–10 PM,5–10 PM,5–10 PM,5–10 PM,5–10 PM,Closed today,https://lh5.googleusercontent.com/p/AF1QipN45B2FDm17ObxtIuadjq9EwWS5ZP0nmeHE9j56=w427-h240-k-no,true,50.99418749999997,4.138937499999983,"https://www.google.be/maps/search/frituur/@51.0195473,4.1568624,11.89z?entry=ttu",2023-06-19T14:09:30.167Z,
https://www.google.be/maps/place/Frituur+de+Snor/data=!4m7!3m6!1s0x47c3f20d77ff7f37:0x490d39d5bb8f124c!8m2!3d51.1093243!4d4.3270162!16s%2Fg%2F11cjpdrcw1!19sChIJN3__dw3yw0cRTBKPu9U5DUk,Frituur de Snor,4.4,220,Fast food restaurant,· Dine-in · Takeaway · Delivery,"Dorpsstraat 7, 2845 Niel, Belgium","485G+PR Niel, Belgium",,,Closed,Closed,11:30 AM–9:30 PM,11:30 AM–9:30 PM,11:30 AM–9:30 PM,11:30 AM–9:30 PM,11:30 AM–9:30 PM,Closed today,https://lh5.googleusercontent.com/p/AF1QipPyQqbteBU6GUclgRYCdEOfECt8EK8iG_FW3KRM=w408-h306-k-no,false,51.10931249999997,4.327062500000025,"https://www.google.be/maps/search/frituur/@51.0195473,4.1568624,11.89z?entry=ttu",2023-06-19T14:09:37.181Z,
https://www.google.be/maps/place/Frituur+%27t+dorp/data=!4m7!3m6!1s0x47c395e91716cb1d:0x6ad325478aa34157!8m2!3d50.955255!4d4.1422571!16s%2Fg%2F11bx8qv169!19sChIJHcsWF-mVw0cRV0Gjikcl02o,Frituur 't dorp,4.6,141,Fast food restaurant,· Dine-in · Takeaway · Delivery,"Baardegem-Dorp 33, 9310 Aalst, Belgium","X44R+4W Aalst, Belgium",https://www.tdorp-baardegem.be/,+32 478 93 45 21,Closed,Closed,Closed,5–9:30 PM,5–10 PM,5–10 PM,5–9:30 PM,Closed today,https://lh5.googleusercontent.com/p/AF1QipM_WF7fPhfvODZCTErZiZnDO0Jgh-1fLpa22bJH=w408-h306-k-no,false,50.95531249999998,4.1423124999999885,"https://www.google.be/maps/search/frituur/@51.0195473,4.1568624,11.89z?entry=ttu",2023-06-19T14:09:43.808Z,
https://www.google.be/maps/place/Messiaen+Snacks/data=!4m7!3m6!1s0x47c3985c0940ce3d:0x85e335126f46670c!8m2!3d50.9703373!4d3.9845622!16s%2Fg%2F11ckvkbzx3!19sChIJPc5ACVyYw0cRDGdGbxI144U,Messiaen Snacks,4.7,3,Frituur,· Dine-in · Takeaway · Delivery,"Stationsstraat, 9340 Lede, Belgium","XXCM+4R Lede, Belgium",,,Open 24 hours,Open 24 hours,Open 24 hours,Open 24 hours,Open 24 hours,Open 24 hours,Open 24 hours,Open now,https://streetviewpixels-pa.googleapis.com/v1/thumbnail?panoid=EU-97625GNAi7zKV47HiYA&cb_client=search.gws-prod.gps&w=408&h=240&yaw=54.722374&pitch=0&thumbfov=100,true,50.97031249999999,3.9845624999999956,"https://www.google.be/maps/search/frituur/@51.0195473,4.1568624,11.89z?entry=ttu",2023-06-19T14:09:52.177Z,
https://www.google.be/maps/place/Frituur+De+Bethune/data=!4m7!3m6!1s0x47c3bd4f9e29afb7:0x5ac31a2777dfd5a0!8m2!3d50.9298198!4d4.0324463!16s%2Fg%2F11c4b2vvzn!19sChIJt68pnk-9w0cRoNXfdycaw1o,Frituur De Bethune,4.4,211,Frituur,· Dine-in · Takeaway · Delivery,"Leo de Béthunelaan 53, 9300 Aalst, Belgium","W2HJ+WX Aalst, Belgium",https://www.facebook.com/Frituur-de-bethune-an-1468626630110498#_=_,+32 53 71 00 08,Closed,"11:30 AM–1:30 PM, 5–10:30 PM","11:30 AM–1:30 PM, 5–10:30 PM","11:30 AM–1:30 PM, 5–10:30 PM","11:30 AM–1:30 PM, 5–11 PM",Closed,5–10 PM,Closed today,https://lh5.googleusercontent.com/p/AF1QipMsbZi8-nNFDexgW7T8QFw9VmyOHsVkfGqgKAbT=w408-h306-k-no,true,50.92981250000001,4.0324375,"https://www.google.be/maps/search/frituur/@51.0195473,4.1568624,11.89z?entry=ttu",2023-06-19T14:10:01.102Z,
https://www.google.be/maps/place/Eethuis+Niels/data=!4m7!3m6!1s0x47c3931ad0570801:0x627734a9e5480957!8m2!3d51.0620453!4d4.1940504!16s%2Fg%2F11mvgvjtmv!19sChIJAQhX0BqTw0cRVwlI5ak0d2I,Eethuis Niels,4.5,55,Frituur,· Dine-in · Takeaway · Delivery,"Zuster Theresialaan 2, 2880 Bornem, Belgium","356V+RJ Bornem, Belgium",http://www.eethuisniels.be/,,5–9:30 PM,5–9:30 PM,5–9:30 PM,5–9:30 PM,4:30–10 PM,11:30 AM–10 PM,11:30 AM–9:30 PM,Closed,https://lh5.googleusercontent.com/p/AF1QipPLQly-zKfgI43VPcmbsjgVSsGx4W-fPYYwf7g7=w408-h306-k-no,false,51.06206250000001,4.194062499999987,"https://www.google.be/maps/search/frituur/@51.0195473,4.1568624,11.89z?entry=ttu",2023-06-19T14:10:08.667Z,
https://www.google.be/maps/place/Frituur+Patatapita/data=!4m7!3m6!1s0x47c391331056260f:0x992cd4ffa11a9415!8m2!3d51.0258268!4d4.101735!16s%2Fg%2F11g6vhn2yz!19sChIJDyZWEDORw0cRFZQaof_ULJk,Frituur Patatapita,4.6,228,Fast food restaurant,· Dine-in · Takeaway · Delivery,"Brusselsestraat 109, 9200 Dendermonde, Belgium","24G2+8M Dendermonde, Belgium",https://www.patatapita.be/,+32 477 96 01 07,Closed,Closed,"11:30 AM–1:30 PM, 5–9 PM","11:30 AM–1:30 PM, 5–9 PM","11:30 AM–1:30 PM, 5–9 PM",5–9 PM,Closed,Closed today,https://lh5.googleusercontent.com/p/AF1QipMtyMZz36yvt3sFY2oUZjsUvxHzDzfd614ug9Ci=w408-h306-k-no,true,51.025812500000015,4.101687499999983,"https://www.google.be/maps/search/frituur/@51.0195473,4.1568624,11.89z?entry=ttu",2023-06-19T14:10:15.984Z,
https://www.google.be/maps/place/Frituur+%27t+Zand/data=!4m7!3m6!1s0x47c390cbbf0e966b:0x593d09dd6a50f137!8m2!3d51.029087!4d4.0650681!16s%2Fg%2F11bwyf3mqm!19sChIJa5YOv8uQw0cRN_FQat0JPVk,Frituur 't Zand,4.4,92,Frituur,· Dine-in · Takeaway · Delivery,"Bevrijdingslaan 1, 9200 Dendermonde, Belgium","23H8+J2 Dendermonde, Belgium",https://t-zand.be/,+32 52 81 00 48,Closed,"11:30 AM–1:30 PM, 4:45–10 PM","11:30 AM–1:30 PM, 4:45–10 PM","11:30 AM–1:30 PM, 4:45–10 PM","11:30 AM–1:30 PM, 4:45–11 PM","11:30 AM–1:30 PM, 4:45–11 PM","11:30 AM–1:30 PM, 4:45–10 PM",Closed today,https://lh5.googleusercontent.com/p/AF1QipPRJhS5aRihod-CQUWlLyK3E7dcCpZCzDzrl88w=w408-h306-k-no,true,51.029062499999995,4.065062499999996,"https://www.google.be/maps/search/frituur/@51.0195473,4.1568624,11.89z?entry=ttu",2023-06-19T14:10:22.095Z,
https://www.google.be/maps/place/Frituur+%27t+Pleintje/data=!4m7!3m6!1s0x47c3eb131e7177b3:0x3b1b121bf463549!8m2!3d50.9953549!4d4.2648588!16s%2Fg%2F11_st3zd5!19sChIJs3dxHhPrw0cRSTVGvyGxsQM,Frituur 't Pleintje,4.3,151,Fast food restaurant,· Dine-in · Takeaway · Delivery,"J. Van Doorslaerstraat 5, 1840 Londerzeel, Belgium","X7W7+4W Londerzeel, Belgium",,+32 52 30 51 57,Closed,5–10 PM,"11:30 AM–1:30 PM, 5–10 PM",5–10 PM,"11:30 AM–1:30 PM, 4:30–10 PM",5–10 PM,5–10 PM,Closed today,https://lh5.googleusercontent.com/p/AF1QipPz-s_hRjR4QGIg8jgjIaqqEPQzUwdafzDWrKhb=w408-h544-k-no,true,50.99531249999997,4.264812499999991,"https://www.google.be/maps/search/frituur/@51.0195473,4.1568624,11.89z?entry=ttu",2023-06-19T14:10:28.086Z,
https://www.google.be/maps/place/De+Frietbooster/data=!4m7!3m6!1s0x47c399e78d44725d:0x34ddefbdd932608f!8m2!3d51.0171625!4d4.0015978!16s%2Fg%2F11pyyd5x2d!19sChIJXXJEjeeZw0cRj2Ay2b3v3TQ,De Frietbooster,4.6,53,Frituur,· Dine-in · Kerbside pickup · No-contact delivery,"Boonvennestraat 8, 9290 Berlare, Belgium","2282+VJ Berlare, Belgium",http://www.defrietbooster.be/?utm_source=google&utm_medium=GMB,+32 52 32 64 68,,,,,,,,,https://lh5.googleusercontent.com/p/AF1QipPPC_nvT0d7OTBmx4LShvN87szWg0iXCfgqQsS0=w408-h306-k-no,true,51.01718749999999,4.0015624999999915,"https://www.google.be/maps/search/frituur/@51.0195473,4.1568624,11.89z?entry=ttu",2023-06-19T14:10:34.399Z,Identifies as women-owned
https://www.google.be/maps/place/Switch+Buggenhout+Online/data=!4m7!3m6!1s0x47c39362db741545:0x1d99acfb282d03ba!8m2!3d51.0289182!4d4.1822001!16s%2Fg%2F11rrs9yfy0!19sChIJRRV022KTw0cRugMtKPusmR0,Switch Buggenhout Online,4.1,13,Frituur,,"Provincialebaan 22, 9255 Buggenhout, Belgium","25HJ+HV Buggenhout, Belgium",https://www.facebook.com/switchbuggenhoutonline/,+32 52 44 88 20,5–9 PM,5–9 PM,5–9 PM,5–9 PM,5–10 PM,6–10 PM,6–10 PM,Closed,https://lh5.googleusercontent.com/p/AF1QipN6Met_vtP_KqmJ9ev4FmjRcBV-W7D01GB9zTLI=w408-h372-k-no,true,51.0289375,4.182187500000012,"https://www.google.be/maps/search/frituur/@51.0195473,4.1568624,11.89z?entry=ttu",2023-06-19T14:10:42.467Z,
https://www.google.be/maps/place/Fritshop/data=!4m7!3m6!1s0x47c3951aa8dbdcc3:0x3d6742be6add9f73!8m2!3d50.9689992!4d4.1900625!16s%2Fg%2F11c1rx6yf2!19sChIJw9zbqBqVw0cRc5_dar5CZz0,Fritshop,4.5,91,Frituur,· Dine-in · Takeaway · Delivery,"Marktstraat 54, 1745 Opwijk, Belgium","X59R+H2 Opwijk, Belgium",,+32 496 04 69 62,5:15–9 PM,Closed,Closed,Closed,5–9:30 PM,5–9:30 PM,5–9 PM,Closed,https://lh5.googleusercontent.com/p/AF1QipPyalbjxmQ9Hhyt2c4UX25Xlk8NdPTAGqGY39aI=w408-h306-k-no,true,50.968937499999996,4.190062499999996,"https://www.google.be/maps/search/frituur/@51.0195473,4.1568624,11.89z?entry=ttu",2023-06-19T14:10:49.212Z,
https://www.google.be/maps/place/Frituur+Cultuur/data=!4m7!3m6!1s0x47c392a50d8e4443:0xe9c57675844d93f6!8m2!3d51.0944943!4d4.2314134!16s%2Fg%2F1tg6jq7f!19sChIJQ0SODaWSw0cR9pNNhHV2xek,Frituur Cultuur,4.5,154,Fast food restaurant,· Dine-in · Takeaway · Delivery,"Sint-Amandsesteenweg 44, 2880 Bornem, Belgium","36VJ+QH Bornem, Belgium",,+32 3 889 71 63,Closed,4:30–11 PM,4:30–11 PM,4:30–11 PM,4 PM–12 AM,4:30 PM–12 AM,4:30–11 PM,Closed today,https://lh5.googleusercontent.com/p/AF1QipPdp2gSOJ2bsUCF0DaV8xkQsU9iO1SfIUMUGNkP=w426-h240-k-no,false,51.09443750000001,4.231437499999984,"https://www.google.be/maps/search/frituur/@51.0195473,4.1568624,11.89z?entry=ttu",2023-06-19T14:10:56.478Z,
https://www.google.be/maps/place/Frituur+De+Zoutkorrel/data=!4m7!3m6!1s0x47c39989a2430d8d:0xc703a16ee3044d7a!8m2!3d51.02528!4d4.002132!16s%2Fg%2F11b7bwzk78!19sChIJjQ1DoomZw0cRek0E426hA8c,Frituur De Zoutkorrel,4.4,262,Restaurant,· Dine-in · Takeaway · Delivery,"Dorp 25, 9290 Berlare, Belgium","22G2+4V Berlare, Belgium",,+32 489 86 87 31,"11:30 AM–2 PM, 5–10:30 PM",Closed,5–10:30 PM,"11:30 AM–2 PM, 5–10:30 PM","11:30 AM–2 PM, 5–10:30 PM","11:30 AM–2 PM, 5–10:30 PM","11:30 AM–2 PM, 5–10:30 PM",Closed,https://lh5.googleusercontent.com/p/AF1QipP4biHVqbrimr_6brxcCoerLouMI5_WxfX88vfP=w408-h306-k-no,true,51.0253125,4.002187500000005,"https://www.google.be/maps/search/frituur/@51.0195473,4.1568624,11.89z?entry=ttu",2023-06-19T14:11:05.019Z,
https://www.google.be/maps/place/Frituur+%27t+Geleeg/data=!4m7!3m6!1s0x47c3f21d6bb283df:0x3a406b281d71426d!8m2!3d51.1107243!4d4.3479409!16s%2Fg%2F11clytqsr7!19sChIJ34Oyax3yw0cRbUJxHShrQDo,Frituur 't Geleeg,3.5,199,Frituur,· Dine-in · Takeaway · Delivery,"Matenstraat 118, 2845 Niel, Belgium","486X+75 Niel, Belgium",https://tgeleeg.be/,+32 497 85 68 84,5–9:30 PM,5–9:30 PM,5–9:30 PM,5–9:30 PM,"11:30 AM–1:30 PM, 4:30–9:30 PM",4–9:30 PM,4–9:30 PM,Closed,https://lh5.googleusercontent.com/p/AF1QipNHllJkvN3efxjHUIbqO_adhwD3-NE3MnQBe5-7=w508-h240-k-no,true,51.1106875,4.347937500000015,"https://www.google.be/maps/search/frituur/@51.0195473,4.1568624,11.89z?entry=ttu",2023-06-19T14:11:12.281Z,
https://www.google.be/maps/place/Frituur+Belinda/data=!4m7!3m6!1s0x47c3bd76fa5ed8dd:0x3de9377dccfd9d10!8m2!3d50.9280528!4d4.067232!16s%2Fg%2F11d_wmw_p3!19sChIJ3dhe-na9w0cREJ39zH036T0,Frituur Belinda,4.0,94,Frituur,· Dine-in · Takeaway · No-contact delivery,"Brusselse Steenweg 198, 9300 Aalst, Belgium","W3H8+6V Aalst, Belgium",https://www.facebook.com/pages/Frituur-Belinda/546088855465557,+32 53 77 43 43,,,,,,,,,https://lh5.googleusercontent.com/p/AF1QipOVV0_MCB9D8-kIHSr-PiWj0c1orTHD02fHE9U3=w464-h240-k-no,true,50.928062499999996,4.067187500000003,"https://www.google.be/maps/search/frituur/@51.0195473,4.1568624,11.89z?entry=ttu",2023-06-19T14:11:17.826Z,
https://www.google.be/maps/place/Frituur+Lieve+en+Marc/data=!4m7!3m6!1s0x47c3e9736f8d3e47:0xf1691695a983fc1f!8m2!3d50.9791021!4d4.3516327!16s%2Fg%2F11bzyy1h54!19sChIJRz6Nb3Ppw0cRH_yDqZUWafE,Frituur Lieve en Marc,4.5,124,Frituur,· Dine-in · Takeaway · Delivery,"Paddegatstraat 78, 1880 Kapelle-op-den-Bos, Belgium","X9H2+JM Kapelle-op-den-Bos, Belgium",,+32 475 80 00 88,Closed,Closed,5–10 PM,5–10 PM,"11:45 AM–1:30 PM, 5–10 PM",5–10 PM,5–10 PM,Closed today,https://lh5.googleusercontent.com/p/AF1QipNqrwnk7zVPD5oOB-0krOlaBR3FP83YPA1cAHc2=w408-h306-k-no,true,50.97906249999998,4.351687499999983,"https://www.google.be/maps/search/frituur/@51.0195473,4.1568624,11.89z?entry=ttu",2023-06-19T14:11:26.033Z,
https://www.google.be/maps/place/Jajo/data=!4m7!3m6!1s0x47c3a266818e7e9d:0x85add4bd5a5d57ce!8m2!3d50.929298!4d3.9617899!16s%2Fg%2F1vyn30f_!19sChIJnX6OgWaiw0cRzlddWr3UrYU,Jajo,4.8,18,Frituur,· Dine-in · Takeaway · Delivery,"Oudenaardsesteenweg 318/Z, 9420 Erpe-Mere, Belgium","WXH6+PP Erpe-Mere, Belgium",,+32 53 80 50 32,"11:30 AM–1:30 PM, 5–9:30 PM","11:30 AM–1:30 PM, 5–9:30 PM","11:30 AM–1:30 PM, 5–9:30 PM","11:30 AM–1:30 PM, 5–9:30 PM","11:30 AM–1:30 PM, 5–10 PM",Closed,Closed,Closed,https://streetviewpixels-pa.googleapis.com/v1/thumbnail?panoid=reN8LZpQqgSUao493wH8zg&cb_client=search.gws-prod.gps&w=408&h=240&yaw=345.12&pitch=0&thumbfov=100,false,50.929312499999995,3.961812499999965,"https://www.google.be/maps/search/frituur/@51.0195473,4.1568624,11.89z?entry=ttu",2023-06-19T14:11:32.061Z,
https://www.google.be/maps/place/Frituur+Happy/data=!4m7!3m6!1s0x47c3a2668215461f:0xeda15b70dc6a4997!8m2!3d50.9292944!4d3.9625722!16s%2Fg%2F1wj_55xz!19sChIJH0YVgmaiw0cRl0lq3HBboe0,Frituur Happy,4.1,479,Frituur,· Dine-in · Takeaway · Delivery,"Oudenaardsesteenweg 313, 9420 Erpe-Mere, Belgium","WXH7+P2 Erpe-Mere, Belgium",,+32 53 80 85 70,"11:30 AM–1:30 PM, 5–9:30 PM","11:30 AM–1:30 PM, 5–9:30 PM","11:30 AM–1:30 PM, 5–9:30 PM","11:30 AM–1:30 PM, 5–9:30 PM","11:30 AM–1:30 PM, 5–10 PM","11:30 AM–1:30 PM, 5–10 PM","11:30 AM–1:30 PM, 5–9:30 PM",Closed,https://lh5.googleusercontent.com/p/AF1QipOPQ6I8X2yOLny_dWnG44c4TYxKL-cv0e6VdhiE=w408-h306-k-no,true,50.929312499999995,3.962562499999976,"https://www.google.be/maps/search/frituur/@51.0195473,4.1568624,11.89z?entry=ttu",2023-06-19T14:11:39.931Z,
https://www.google.be/maps/place/Frituur+Alain/data=!4m7!3m6!1s0x47c3989d6f194299:0x186ca4c4f42aef1!8m2!3d50.9461473!4d3.9592965!16s%2Fg%2F11g9jdmm15!19sChIJmUIZb52Yw0cR8a5CT0zKhgE,Frituur Alain,4.7,190,Frituur,· Dine-in · Takeaway · Delivery,"Gentsesteenweg 349, 9420 Erpe-Mere, Belgium","WXW5+FP Erpe-Mere, Belgium",https://www.facebook.com/FrituurAlain/,,Closed,"12–1:30 PM, 5–9:30 PM","12–1:30 PM, 5–9:30 PM","12–1:30 PM, 5–9:30 PM","11:30 AM–1:30 PM, 5–10:30 PM","12–1:30 PM, 5–9:30 PM",Closed,Closed today,https://lh5.googleusercontent.com/p/AF1QipPoatI-VxtvTAGKaOkWkeJE4iXT8Up7H1f1lgqo=w408-h306-k-no,false,50.94618749999999,3.9593124999999674,"https://www.google.be/maps/search/frituur/@51.0195473,4.1568624,11.89z?entry=ttu",2023-06-19T14:11:49.452Z,
https://www.google.be/maps/place/Frituur+Den+Dries/data=!4m7!3m6!1s0x47c38e18bfce40ed:0x89b04880f5aed705!8m2!3d51.1133597!4d4.1245025!16s%2Fg%2F11bxjbfhd_!19sChIJ7UDOvxiOw0cRBdeu9YBIsIk,Frituur Den Dries,4.5,90,Frituur,,"Sombekedries 9, 9250 Waasmunster, Belgium","447F+8R Waasmunster, Belgium",,,Closed,Closed,Closed,Closed,5–9 PM,5–9 PM,5–9 PM,Closed today,https://lh5.googleusercontent.com/p/AF1QipNwB8WXaT_rJXYInjlzYNQWNnjCGqnTyHoC8AX8=w408-h306-k-no,true,51.11331249999999,4.12456250000001,"https://www.google.be/maps/search/frituur/@51.0195473,4.1568624,11.89z?entry=ttu",2023-06-19T14:11:56.877Z,
https://www.google.be/maps/place/Frituur+Bergendries/data=!4m7!3m6!1s0x47c384d2c353b2b9:0xbb0de3973ec9ddff!8m2!3d51.1126556!4d3.9871244!16s%2Fg%2F1tdzf4j6!19sChIJubJTw9KEw0cR_93JPpfjDbs,Frituur Bergendries,4.2,165,Fast food restaurant,· Dine-in · Takeaway · Delivery,"Bergendriesstraat 108, 9160 Lokeren, Belgium","4X7P+3R Lokeren, Belgium",https://www.vindeenfrituur.be/frituren/oost-vlaanderen/lokeren--9160/frituur-bergendries/4089/,+32 9 349 30 40,"11:30 AM–1:30 PM, 5–9 PM","11:30 AM–1:30 PM, 5–9 PM",Closed,5–9 PM,"11:30 AM–1:30 PM, 5–9:30 PM","11:30 AM–1:30 PM, 5–9:30 PM","11:30 AM–1:30 PM, 5–9 PM",Closed,https://lh5.googleusercontent.com/p/AF1QipP7EL0927Y-HU5WjxCt4rxrxfYnfthWU2EiGI_T=w533-h240-k-no,true,51.11268749999998,3.9870624999999933,"https://www.google.be/maps/search/frituur/@51.0195473,4.1568624,11.89z?entry=ttu",2023-06-19T14:12:05.439Z,
https://www.google.be/maps/place/Jake%27s+Place/data=!4m7!3m6!1s0x47c3ee7ce0e4dceb:0xd9b994b7d061b234!8m2!3d51.0595943!4d4.352177!16s%2Fg%2F11bzx27t_s!19sChIJ69zk4Hzuw0cRNLJh0LeUudk,Jake's Place,4.1,217,Frituur,· Dine-in · Takeaway · Delivery,"Dendermondsesteenweg 133, 2830 Willebroek, Belgium","3952+RV Willebroek, Belgium",http://www.frituurjakesplace.be/,+32 3 337 95 71,Closed,5–10 PM,5–10 PM,"11:30 AM–1:30 PM, 5–10 PM","11:30 AM–1:30 PM, 4:30–10 PM",4:30–10 PM,4:30–10 PM,Closed today,https://lh5.googleusercontent.com/p/AF1QipNthH1QNE456GNAMr2CCSDPcPwRKalNvRhCBp-a=w426-h240-k-no,true,51.05956250000001,4.352187499999999,"https://www.google.be/maps/search/frituur/@51.0195473,4.1568624,11.89z?entry=ttu",2023-06-19T14:12:14.637Z,
https://www.google.be/maps/place/Frituur+%27t+Houten+Kruis/data=!4m7!3m6!1s0x47c38e2dac83a5fd:0x897783866d4632d2!8m2!3d51.1156413!4d4.1018733!16s%2Fg%2F1tg_8n0l!19sChIJ_aWDrC2Ow0cR0jJGbYaDd4k,Frituur 't Houten Kruis,4.0,151,Frituur,· Dine-in · Takeaway · Delivery,"Nijverheidslaan 2, 9250 Waasmunster, Belgium","4482+7P Waasmunster, Belgium",,+32 52 46 20 00,5–10:30 PM,Closed,"11:30 AM–1:30 PM, 5–10:30 PM","11:30 AM–1:30 PM, 5–10:30 PM","11:30 AM–1:30 PM, 5–10:30 PM","11:30 AM–1:30 PM, 5–10:30 PM","11:30 AM–1:30 PM, 5–10:30 PM",Closed,https://lh5.googleusercontent.com/p/AF1QipNcX6CnI9NsPnNA_ODriymgiCzY6_uNOE2eFpF6=w408-h306-k-no,true,51.11568749999999,4.10181249999998,"https://www.google.be/maps/search/frituur/@51.0195473,4.1568624,11.89z?entry=ttu",2023-06-19T14:12:22.467Z,
https://www.google.be/maps/place/Frituur+Daan+Tisselt/data=!4m7!3m6!1s0x47c3eebc3b9c64b1:0x2bc7db01420a36ab!8m2!3d51.0322463!4d4.3548984!16s%2Fg%2F11bc8czgdf!19sChIJsWScO7zuw0cRqzYKQgHbxys,Frituur Daan Tisselt,4.6,287,Frituur,· Dine-in · Takeaway · Delivery,"Beekstraat 33, 2830 Willebroek, Belgium","29J3+VX Willebroek, Belgium",http://www.frituurdaan.be/,,5–9 PM,Closed,"11:30 AM–1:30 PM, 5–9 PM",5–9 PM,"11:30 AM–1:30 PM, 4:30–10 PM",5–10 PM,5–10 PM,Closed,https://lh5.googleusercontent.com/p/AF1QipPE_fgfR3c9rpOT5Fe2M-pdyazz32QE12s4-7cK=w408-h408-k-no,true,51.032187500000006,4.354937499999991,"https://www.google.be/maps/search/frituur/@51.0195473,4.1568624,11.89z?entry=ttu",2023-06-19T14:12:29.861Z,